Brand,Model,CPU,GPU,RAM_GB,Storage_GB,Touchscreen,Weight_kg,Screen_Size_inch,Price_SGD
Acer,Aspire 5,Intel i9-14900HK,NVIDIA RTX 4070,64,256,False,1.56,16.0,3626.78
Acer,Nitro 5,AMD Ryzen 9 8900HX,AMD Radeon 780M,32,1024,True,1.45,14.0,2992.42
Acer,Nitro 5,AMD Ryzen 5 8600H,NVIDIA RTX 4050,32,2048,False,1.34,14.0,2418.34
Acer,TravelMate P6,Intel Core Ultra 7 15500H,NVIDIA RTX 4060,16,4096,True,1.18,13.3,2851.03
Acer,Predator Helios 300,Intel i7-14800H,NVIDIA RTX 4070,8,1024,True,1.31,14.0,3022.96
Acer,Aspire 5,Intel i9-14900HK,NVIDIA RTX 4080,32,256,False,3.34,17.3,3818.64
Acer,TravelMate P6,Intel i9-14900HK,NVIDIA RTX 4080,128,1024,True,1.11,13.3,4949.2
Acer,Predator Helios 300,Intel Core Ultra 9 15700H,NVIDIA RTX 4070,16,2048,True,1.29,13.3,2952.08
Acer,Swift 3,Intel i5-14500H,NVIDIA RTX 4050,64,4096,False,1.4,13.3,2850.76
Acer,Nitro 5,Intel Core Ultra 9 15700H,NVIDIA RTX 4070,16,2048,False,1.15,13.3,2837.13
Acer,Nitro 5,Intel i5-14600H,Intel Iris Xe,32,256,True,1.06,14.0,2114.88
Acer,Swift 3,Intel i5-14500H,Intel Iris Xe,8,1024,True,2.47,15.6,1898.71
Acer,Swift 3,Intel Core Ultra 7 15500H,NVIDIA RTX 4060,8,2048,True,1.6,16.0,2473.37
Acer,Predator Helios 300,AMD Ryzen 5 8600H,NVIDIA RTX 4050,64,512,True,1.34,14.0,2629.84
Acer,Predator Helios 300,Intel i5-14500H,NVIDIA RTX 3050,128,1024,False,1.39,14.0,2860.94
Acer,Aspire 5,Intel i7-14800H,NVIDIA RTX 4060,16,2048,True,1.68,16.0,2866.76
Acer,Predator Helios 300,Intel i5-14600H,NVIDIA RTX 4050,16,2048,False,2.89,17.3,2235.37
Acer,Nitro 5,Intel i7-14700H,NVIDIA RTX 4070,8,2048,False,2.89,17.3,3026.99
Acer,Swift 3,Intel Core Ultra 9 15700H,Intel Arc A750M,64,2048,True,2.27,15.6,2409.58
Acer,Predator Helios 300,AMD Ryzen 5 8600H,NVIDIA RTX 4050,8,512,True,1.95,16.0,2077.09
Acer,Aspire 5,Intel i7-14700H,NVIDIA RTX 4060,64,1024,False,3.17,17.3,3027.73
Acer,TravelMate P6,Intel i7-14700H,NVIDIA RTX 4070,128,4096,True,1.72,16.0,4302.04
Acer,Swift 3,Intel Core Ultra 9 15700H,NVIDIA RTX 4070,32,2048,True,3.01,18.4,3038.55
Acer,Nitro 5,Intel i5-14600H,NVIDIA RTX 3050,64,1024,True,1.16,14.0,2464.27
Acer,Predator Helios 300,Intel i7-14700H,NVIDIA RTX 4070,16,4096,False,1.02,14.0,3400.25
Acer,Predator Helios 300,AMD Ryzen 5 8600H,NVIDIA RTX 3050,16,2048,True,2.58,17.3,2111.55
Acer,Predator Helios 300,Intel i9-14900HK,NVIDIA RTX 4080,16,512,False,1.53,15.6,3594.19
Acer,Nitro 5,Intel i5-14500H,NVIDIA RTX 3050,64,4096,False,1.94,15.6,2704.5
Acer,Swift 3,AMD Ryzen 5 8600H,NVIDIA RTX 4050,32,1024,False,1.59,15.6,2290.76
Acer,TravelMate P6,Intel Core Ultra 7 15500H,NVIDIA RTX 4070,32,4096,True,2.34,15.6,3217.89
Acer,Swift 3,AMD Ryzen 9 8900HX,AMD Radeon 780M,8,2048,False,1.22,14.0,2759.41
Acer,Predator Helios 300,AMD Ryzen 9 8900HX,NVIDIA RTX 4080,16,512,True,1.46,14.0,3819.44
Acer,Predator Helios 300,Intel i7-14700H,NVIDIA RTX 4070,32,2048,True,1.96,16.0,3337.86
Acer,Nitro 5,Intel Core Ultra 9 15700H,NVIDIA RTX 4080,32,2048,False,2.98,18.4,3313.21
Acer,TravelMate P6,Intel i7-14800H,NVIDIA RTX 4070,64,4096,False,2.23,16.0,3760.72
Acer,Aspire 5,Intel Core Ultra 9 15700H,NVIDIA RTX 4070,8,2048,True,1.48,13.3,2758.37
Acer,Predator Helios 300,Intel i7-14700H,NVIDIA RTX 4070,128,4096,True,2.53,18.4,4436.42
Acer,Predator Helios 300,Intel i7-14700H,NVIDIA RTX 4060,16,512,True,2.63,18.4,2668.91
Acer,Swift 3,Intel Core Ultra 7 15500H,Intel Arc A750M,128,256,True,2.44,15.6,2789.26
Acer,Nitro 5,Intel i9-14900HK,NVIDIA RTX 4070,32,1024,True,1.19,13.3,3702.19
Acer,Predator Helios 300,Intel i7-14700H,NVIDIA RTX 4070,8,4096,True,1.18,13.3,3451.52
Acer,Swift 3,Intel Core Ultra 7 15500H,Intel Arc A750M,8,1024,False,1.35,14.0,1621.03
Acer,Predator Helios 300,Intel Core Ultra 9 15700H,Intel Arc A750M,64,1024,False,2.92,17.3,2119.11
Acer,TravelMate P6,Intel i5-14600H,NVIDIA RTX 3050,8,512,True,3.37,17.3,1816.44
Acer,Aspire 5,AMD Ryzen 9 8900HX,NVIDIA RTX 4070,64,1024,True,2.15,15.6,3770.95
Acer,Swift 3,Intel Core Ultra 9 15700H,NVIDIA RTX 4070,64,4096,False,2.44,16.0,3374.45
Acer,Aspire 5,Intel i5-14600H,Intel Iris Xe,32,2048,True,1.76,15.6,2223.44
Acer,Nitro 5,Intel i9-14900HK,NVIDIA RTX 4080,32,512,False,2.79,18.4,3758.19
Acer,Swift 3,Intel i9-14900HK,NVIDIA RTX 4080,128,2048,False,1.37,13.3,4843.36
Acer,Predator Helios 300,AMD Ryzen 5 8600H,NVIDIA RTX 3050,64,256,True,1.21,13.3,2452.23
Acer,Aspire 5,Intel Core Ultra 7 15500H,Intel Arc A750M,32,256,True,2.62,18.4,1922.09
Acer,Predator Helios 300,Intel i5-14500H,Intel Iris Xe,32,512,False,2.4,16.0,1968.5
Acer,Nitro 5,Intel Core Ultra 9 15700H,NVIDIA RTX 4080,32,1024,True,1.18,14.0,3475.95
Acer,Predator Helios 300,Intel i5-14500H,Intel Iris Xe,16,256,True,2.27,15.6,1936.67
Acer,Nitro 5,AMD Ryzen 7 8800H,NVIDIA RTX 4070,64,2048,False,2.01,15.6,3496.83
Acer,TravelMate P6,Intel i5-14500H,Intel Iris Xe,64,512,False,1.47,14.0,2122.96
Acer,Predator Helios 300,Intel i9-14900HK,NVIDIA RTX 4070,128,512,True,1.42,14.0,4384.66
Acer,Swift 3,AMD Ryzen 9 8900HX,NVIDIA RTX 4080,64,2048,False,2.52,17.3,4401.21
Acer,Swift 3,Intel i5-14600H,NVIDIA RTX 4050,128,1024,False,1.25,13.3,3235.39
Acer,TravelMate P6,AMD Ryzen 7 8800H,NVIDIA RTX 4060,32,1024,True,1.11,13.3,2997.51
Acer,Predator Helios 300,AMD Ryzen 7 8800H,NVIDIA RTX 4060,32,4096,True,2.75,18.4,3229.59
Acer,Nitro 5,Intel i5-14500H,NVIDIA RTX 4050,8,1024,False,3.11,17.3,2032.06
Acer,Nitro 5,Intel i5-14600H,NVIDIA RTX 4050,128,1024,True,1.3,13.3,3250.07
Acer,Predator Helios 300,Intel i9-14900HK,NVIDIA RTX 4080,32,4096,False,2.8,18.4,4284.91
Acer,Predator Helios 300,Intel i7-14700H,NVIDIA RTX 4060,16,1024,True,1.1,14.0,2725.11
Acer,TravelMate P6,AMD Ryzen 7 8800H,NVIDIA RTX 4070,128,2048,False,3.06,18.4,4099.08
Acer,Predator Helios 300,Intel i9-14900HK,NVIDIA RTX 4070,128,2048,True,1.9,16.0,4422.32
Acer,TravelMate P6,Intel i7-14800H,NVIDIA RTX 4070,16,2048,False,1.79,15.6,3140.93
Acer,Predator Helios 300,Intel i9-14900HK,NVIDIA RTX 4080,64,512,False,1.46,14.0,4011.21
Acer,Predator Helios 300,Intel i9-14900HK,NVIDIA RTX 4080,32,256,True,2.43,15.6,3941.46
Acer,Swift 3,Intel Core Ultra 9 15700H,NVIDIA RTX 4070,8,1024,False,3.25,18.4,2584.97
Acer,Aspire 5,Intel Core Ultra 7 15500H,NVIDIA RTX 4070,128,4096,True,2.24,15.6,4062.59
Acer,TravelMate P6,Intel i7-14700H,NVIDIA RTX 4060,64,512,False,1.16,14.0,3075.1
Acer,Aspire 5,Intel i7-14800H,NVIDIA RTX 4080,128,2048,False,1.97,15.6,4517.26
Acer,Predator Helios 300,Intel i7-14800H,NVIDIA RTX 4070,8,256,False,1.12,13.3,2813.54
Acer,Nitro 5,Intel Core Ultra 7 15500H,Intel Arc A750M,128,4096,True,1.39,14.0,3172.75
Acer,Aspire 5,AMD Ryzen 5 8600H,NVIDIA RTX 3050,64,4096,True,1.17,14.0,2727.54
Acer,Swift 3,Intel i7-14800H,NVIDIA RTX 4060,8,1024,False,1.22,14.0,2596.68
Acer,Aspire 5,Intel i9-14900HK,NVIDIA RTX 4080,64,256,True,3.0,18.4,4187.78
Acer,Swift 3,Intel i7-14700H,NVIDIA RTX 4070,8,1024,True,1.31,13.3,3011.62
Acer,Nitro 5,Intel i5-14500H,Intel Iris Xe,8,1024,False,1.2,14.0,1840.63
Acer,Swift 3,Intel i5-14600H,Intel Iris Xe,64,256,True,2.75,17.3,2254.59
Acer,Swift 3,Intel i5-14500H,NVIDIA RTX 4050,64,4096,True,2.84,18.4,3015.9
Acer,Aspire 5,AMD Ryzen 5 8600H,NVIDIA RTX 3050,16,1024,True,3.15,18.4,1990.09
Acer,Predator Helios 300,Intel i9-14900HK,NVIDIA RTX 4080,64,2048,True,2.56,18.4,4376.11
Acer,Predator Helios 300,Intel i9-14900HK,NVIDIA RTX 4070,8,2048,True,3.13,18.4,3427.18
Acer,Nitro 5,Intel Core Ultra 9 15700H,Intel Arc A750M,16,2048,False,2.92,18.4,1814.86
Acer,Predator Helios 300,Intel i7-14700H,NVIDIA RTX 4060,16,2048,True,2.73,17.3,2835.7
Acer,TravelMate P6,Intel i5-14600H,NVIDIA RTX 3050,8,4096,True,3.4,17.3,2231.8
Acer,Predator Helios 300,Intel i5-14500H,NVIDIA RTX 4050,128,512,False,1.47,14.0,2959.19
Acer,Swift 3,Intel i7-14800H,NVIDIA RTX 4060,16,512,True,2.36,15.6,2664.88
Acer,Nitro 5,Intel i7-14800H,NVIDIA RTX 4080,8,1024,True,3.01,17.3,3423.88
Acer,TravelMate P6,AMD Ryzen 7 8800H,AMD Radeon 780M,64,512,False,1.19,13.3,2856.85
Acer,TravelMate P6,Intel i5-14600H,NVIDIA RTX 3050,128,512,True,3.07,18.4,2857.44
Acer,Predator Helios 300,AMD Ryzen 9 8900HX,AMD Radeon 780M,128,1024,True,3.15,17.3,3839.79
Acer,Swift 3,AMD Ryzen 9 8900HX,NVIDIA RTX 4080,16,2048,False,2.84,18.4,3748.44
Acer,Swift 3,AMD Ryzen 7 8800H,NVIDIA RTX 4060,64,1024,False,3.35,17.3,3083.2
Acer,Nitro 5,Intel Core Ultra 9 15700H,Intel Arc A750M,32,512,False,2.56,18.4,1844.34
Acer,Aspire 5,Intel Core Ultra 7 15500H,Intel Arc A750M,128,256,False,1.35,14.0,2604.59
Acer,TravelMate P6,AMD Ryzen 9 8900HX,NVIDIA RTX 4080,128,1024,False,2.28,15.6,4699.49
Acer,Aspire 5,Intel Core Ultra 9 15700H,NVIDIA RTX 4080,16,512,False,1.05,13.3,3122.33
Acer,Predator Helios 300,Intel i7-14800H,NVIDIA RTX 4060,16,512,True,1.41,14.0,2635.13
Acer,Predator Helios 300,Intel i5-14500H,NVIDIA RTX 3050,8,4096,True,1.67,16.0,2309.72
Acer,Aspire 5,Intel i9-14900HK,NVIDIA RTX 4070,64,2048,False,1.17,14.0,3923.42
Acer,Swift 3,Intel i5-14600H,Intel Iris Xe,32,256,True,2.39,16.0,2032.49
Acer,TravelMate P6,Intel Core Ultra 9 15700H,NVIDIA RTX 4080,8,1024,False,1.22,13.3,3104.84
Acer,Nitro 5,AMD Ryzen 9 8900HX,NVIDIA RTX 4080,128,256,False,1.45,14.0,4534.3
Acer,Swift 3,Intel i9-14900HK,NVIDIA RTX 4080,32,2048,False,2.01,15.6,4107.86
Acer,TravelMate P6,Intel Core Ultra 9 15700H,NVIDIA RTX 4070,16,1024,False,1.86,15.6,2651.28
Acer,Swift 3,Intel i7-14700H,NVIDIA RTX 4060,64,256,False,2.02,15.6,2957.54
Acer,TravelMate P6,AMD Ryzen 9 8900HX,NVIDIA RTX 4080,64,256,True,1.38,14.0,4248.74
Acer,Nitro 5,Intel Core Ultra 9 15700H,Intel Arc A750M,64,512,True,1.09,13.3,2267.44
Acer,Predator Helios 300,Intel i5-14500H,Intel Iris Xe,128,256,True,2.45,16.0,2839.24
Acer,Predator Helios 300,Intel i5-14500H,NVIDIA RTX 3050,8,256,True,3.48,18.4,1826.27
Acer,Predator Helios 300,Intel Core Ultra 7 15500H,NVIDIA RTX 4070,32,256,False,1.32,13.3,2681.47
Acer,Aspire 5,Intel Core Ultra 7 15500H,Intel Arc A750M,64,1024,False,1.45,13.3,2159.01
Acer,Nitro 5,Intel Core Ultra 9 15700H,NVIDIA RTX 4070,32,512,False,1.67,16.0,2748.41
Acer,Swift 3,AMD Ryzen 7 8800H,AMD Radeon 780M,128,512,True,2.89,17.3,3388.7
Acer,Aspire 5,AMD Ryzen 7 8800H,NVIDIA RTX 4060,64,512,False,2.33,15.6,2908.78
Acer,Swift 3,Intel Core Ultra 7 15500H,NVIDIA RTX 4070,32,512,True,1.82,15.6,2904.91
Acer,Aspire 5,Intel i7-14700H,NVIDIA RTX 4060,8,512,False,1.42,14.0,2512.37
Acer,Predator Helios 300,Intel i7-14800H,NVIDIA RTX 4080,64,4096,True,1.8,15.6,4393.52
Acer,Swift 3,Intel i5-14600H,NVIDIA RTX 4050,32,256,False,1.58,15.6,2223.68
Acer,Nitro 5,AMD Ryzen 9 8900HX,NVIDIA RTX 4080,64,256,False,1.93,16.0,4002.32
Acer,Aspire 5,Intel Core Ultra 9 15700H,NVIDIA RTX 4070,128,256,True,1.37,13.3,3627.1
Acer,Swift 3,Intel i7-14800H,NVIDIA RTX 4070,32,4096,True,1.66,15.6,3460.41
Acer,Swift 3,AMD Ryzen 7 8800H,NVIDIA RTX 4060,8,512,False,2.79,18.4,2444.32
Acer,Aspire 5,AMD Ryzen 5 8600H,NVIDIA RTX 4050,128,256,True,2.54,17.3,3173.0
Acer,Nitro 5,AMD Ryzen 9 8900HX,NVIDIA RTX 4070,64,512,True,3.0,17.3,3801.28
Acer,TravelMate P6,Intel i7-14700H,NVIDIA RTX 4060,32,512,True,2.32,15.6,2826.32
Acer,Aspire 5,Intel i7-14700H,NVIDIA RTX 4060,32,4096,False,1.55,16.0,3168.98
Acer,Nitro 5,Intel i7-14800H,NVIDIA RTX 4080,64,4096,False,2.23,15.6,4168.27
Acer,Predator Helios 300,Intel i7-14800H,NVIDIA RTX 4070,128,2048,True,1.49,13.3,4083.47
Acer,Aspire 5,Intel Core Ultra 7 15500H,NVIDIA RTX 4060,128,4096,False,3.01,17.3,3652.13
Acer,Aspire 5,AMD Ryzen 5 8600H,AMD Radeon 680M,32,512,True,3.27,17.3,2069.25
Acer,Predator Helios 300,Intel i5-14500H,Intel Iris Xe,64,256,True,1.92,15.6,2334.51
Acer,Aspire 5,AMD Ryzen 5 8600H,NVIDIA RTX 3050,128,256,False,1.26,14.0,2775.19
Acer,TravelMate P6,AMD Ryzen 5 8600H,NVIDIA RTX 3050,64,2048,False,3.01,18.4,2363.98
Acer,Predator Helios 300,Intel i7-14800H,NVIDIA RTX 4070,8,512,False,1.18,13.3,2942.39
Acer,Nitro 5,Intel i5-14500H,NVIDIA RTX 4050,32,2048,False,1.74,15.6,2356.07
Acer,Aspire 5,Intel i7-14800H,NVIDIA RTX 4060,64,2048,False,1.18,13.3,3144.57
Acer,Aspire 5,AMD Ryzen 7 8800H,NVIDIA RTX 4060,32,2048,False,1.35,14.0,2761.05
Acer,Aspire 5,AMD Ryzen 9 8900HX,AMD Radeon 780M,64,4096,True,1.89,15.6,3697.23
Acer,Aspire 5,Intel Core Ultra 7 15500H,Intel Arc A750M,8,256,False,2.29,16.0,1586.89
Acer,Aspire 5,Intel i5-14600H,NVIDIA RTX 3050,128,4096,True,1.1,13.3,3442.83
Acer,Predator Helios 300,Intel Core Ultra 7 15500H,NVIDIA RTX 4070,64,256,False,1.38,14.0,2938.73
Acer,Predator Helios 300,Intel Core Ultra 7 15500H,NVIDIA RTX 4060,64,512,False,1.3,13.3,2712.2
Acer,Predator Helios 300,Intel i9-14900HK,NVIDIA RTX 4070,32,1024,False,1.19,14.0,3533.87
Acer,Aspire 5,Intel i7-14700H,NVIDIA RTX 4060,8,256,False,1.4,14.0,2430.53
Acer,Predator Helios 300,AMD Ryzen 5 8600H,NVIDIA RTX 4050,32,4096,False,1.42,14.0,2619.77
Acer,TravelMate P6,AMD Ryzen 7 8800H,AMD Radeon 780M,128,1024,False,3.05,18.4,3356.38
Acer,Swift 3,Intel i7-14700H,NVIDIA RTX 4070,32,2048,True,2.3,15.6,3322.05
Acer,Nitro 5,Intel i5-14500H,Intel Iris Xe,64,4096,False,1.04,14.0,2665.01
Acer,Aspire 5,AMD Ryzen 7 8800H,NVIDIA RTX 4060,8,256,False,2.36,16.0,2504.83
Acer,Nitro 5,AMD Ryzen 5 8600H,AMD Radeon 680M,8,512,False,3.42,17.3,1694.27
Acer,Nitro 5,Intel i7-14800H,NVIDIA RTX 4060,8,4096,False,2.7,17.3,2902.12
Acer,Predator Helios 300,Intel i7-14800H,NVIDIA RTX 4060,32,1024,True,2.91,18.4,2991.26
Acer,Aspire 5,Intel i5-14600H,Intel Iris Xe,8,256,False,2.66,17.3,1673.08
Acer,Aspire 5,Intel i7-14800H,NVIDIA RTX 4080,128,1024,True,1.6,15.6,4426.05
Acer,Swift 3,Intel i5-14600H,NVIDIA RTX 3050,32,2048,False,1.34,14.0,2023.86
Acer,Aspire 5,Intel Core Ultra 7 15500H,NVIDIA RTX 4070,64,256,True,2.6,18.4,3129.75
Acer,TravelMate P6,Intel Core Ultra 7 15500H,NVIDIA RTX 4070,64,1024,False,2.19,16.0,3075.41
Acer,TravelMate P6,AMD Ryzen 9 8900HX,AMD Radeon 780M,128,1024,False,3.5,18.4,3646.48
Acer,Nitro 5,Intel i5-14500H,Intel Iris Xe,128,4096,True,2.24,16.0,3355.66
Acer,Swift 3,Intel Core Ultra 7 15500H,Intel Arc A750M,16,4096,True,1.23,13.3,2213.23
Acer,Aspire 5,Intel i9-14900HK,NVIDIA RTX 4070,128,2048,True,1.54,16.0,4592.36
Acer,Swift 3,Intel i7-14800H,NVIDIA RTX 4080,64,1024,False,2.81,17.3,3731.47
Acer,TravelMate P6,Intel i5-14600H,Intel Iris Xe,16,1024,False,2.29,15.6,1812.09
Acer,Swift 3,Intel i7-14700H,NVIDIA RTX 4060,32,2048,False,1.12,14.0,2928.51
Acer,Swift 3,AMD Ryzen 5 8600H,AMD Radeon 680M,128,2048,False,2.39,16.0,2940.54
Acer,Predator Helios 300,AMD Ryzen 5 8600H,NVIDIA RTX 3050,8,2048,False,1.47,13.3,1908.86
Acer,Aspire 5,AMD Ryzen 5 8600H,NVIDIA RTX 4050,16,1024,False,1.1,14.0,2217.88
Acer,Predator Helios 300,Intel i7-14700H,NVIDIA RTX 4070,128,2048,True,3.23,18.4,4225.0
Acer,Predator Helios 300,Intel i5-14600H,Intel Iris Xe,32,256,False,1.09,14.0,2017.64
Acer,Nitro 5,Intel i7-14700H,NVIDIA RTX 4070,128,256,False,1.16,14.0,3922.41
Acer,Aspire 5,Intel i9-14900HK,NVIDIA RTX 4080,128,512,True,1.37,14.0,4813.08
Asus,ZenBook 14,Intel Core Ultra 7 15500H,Intel Arc A750M,8,256,True,1.32,13.3,1701.94
Asus,ExpertBook B9,Intel i9-14900HK,NVIDIA RTX 4070,32,2048,False,2.04,16.0,3635.58
Asus,TUF Gaming F15,Intel i7-14700H,NVIDIA RTX 4070,64,256,False,2.45,15.6,3373.59
Asus,TUF Gaming F15,Intel i9-14900HK,NVIDIA RTX 4080,16,4096,False,2.96,18.4,4090.2
Asus,ZenBook 14,AMD Ryzen 7 8800H,AMD Radeon 780M,8,1024,False,1.29,14.0,2358.57
Asus,ExpertBook B9,Intel Core Ultra 9 15700H,NVIDIA RTX 4080,128,256,False,2.73,17.3,4064.52
Asus,TUF Gaming F15,Intel i5-14500H,NVIDIA RTX 4050,64,256,True,2.39,16.0,2661.2
Asus,ExpertBook B9,Intel i7-14700H,NVIDIA RTX 4070,64,512,True,3.23,18.4,3457.11
Asus,TUF Gaming F15,Intel i5-14600H,NVIDIA RTX 4050,8,256,True,2.77,17.3,2193.48
Asus,TUF Gaming F15,Intel i9-14900HK,NVIDIA RTX 4070,64,512,True,1.17,14.0,3841.45
Asus,ZenBook 14,Intel i9-14900HK,NVIDIA RTX 4070,64,4096,False,2.02,15.6,4096.56
Asus,TUF Gaming F15,AMD Ryzen 9 8900HX,NVIDIA RTX 4080,16,1024,True,1.19,13.3,4070.94
Asus,ZenBook 14,Intel i5-14500H,Intel Iris Xe,16,256,False,2.77,17.3,1756.98
Asus,ExpertBook B9,AMD Ryzen 5 8600H,AMD Radeon 680M,32,256,False,1.17,14.0,1958.51
Asus,ExpertBook B9,AMD Ryzen 7 8800H,NVIDIA RTX 4060,64,512,True,2.31,16.0,3160.64
Asus,VivoBook S15,Intel i7-14700H,NVIDIA RTX 4060,64,256,True,1.36,13.3,3025.23
Asus,VivoBook S15,Intel Core Ultra 7 15500H,NVIDIA RTX 4060,128,256,False,2.21,15.6,3190.75
Asus,VivoBook S15,Intel i5-14600H,Intel Iris Xe,128,2048,False,2.5,18.4,2990.98
Asus,ExpertBook B9,Intel i9-14900HK,NVIDIA RTX 4080,32,256,True,1.3,13.3,3948.46
Asus,TUF Gaming F15,Intel i5-14600H,NVIDIA RTX 4050,128,2048,True,1.04,14.0,3363.75
Asus,ExpertBook B9,Intel Core Ultra 7 15500H,Intel Arc A750M,128,4096,True,2.63,17.3,3283.06
Asus,VivoBook S15,Intel i9-14900HK,NVIDIA RTX 4080,16,4096,False,1.01,13.3,4021.99
Asus,ZenBook 14,Intel i5-14600H,NVIDIA RTX 4050,8,256,False,2.52,18.4,2022.28
Asus,ROG Zephyrus G15,Intel i5-14600H,NVIDIA RTX 4050,64,2048,False,2.75,18.4,2740.8
Asus,ROG Zephyrus G15,AMD Ryzen 5 8600H,AMD Radeon 680M,8,1024,True,1.43,13.3,1911.38
Asus,TUF Gaming F15,AMD Ryzen 9 8900HX,AMD Radeon 780M,16,4096,False,3.32,17.3,3063.62
Asus,ExpertBook B9,Intel i5-14600H,NVIDIA RTX 4050,64,512,False,1.47,14.0,2422.66
Asus,VivoBook S15,AMD Ryzen 5 8600H,NVIDIA RTX 4050,32,256,True,1.02,13.3,2367.58
Asus,ExpertBook B9,Intel Core Ultra 9 15700H,NVIDIA RTX 4080,128,512,False,2.01,16.0,4008.66
Asus,TUF Gaming F15,Intel Core Ultra 7 15500H,NVIDIA RTX 4070,128,2048,False,3.26,17.3,3839.31
Asus,ExpertBook B9,Intel i7-14800H,NVIDIA RTX 4070,16,4096,True,1.76,15.6,3363.31
Asus,ROG Zephyrus G15,AMD Ryzen 5 8600H,NVIDIA RTX 4050,16,4096,False,2.02,16.0,2537.55
Asus,ROG Zephyrus G15,Intel i7-14700H,NVIDIA RTX 4060,128,2048,False,2.63,17.3,3808.47
Asus,ROG Zephyrus G15,Intel i5-14500H,Intel Iris Xe,128,1024,True,2.48,16.0,3027.43
Asus,ROG Zephyrus G15,Intel i7-14700H,NVIDIA RTX 4070,32,512,False,1.55,16.0,2999.28
Asus,TUF Gaming F15,AMD Ryzen 7 8800H,NVIDIA RTX 4070,16,256,True,2.91,17.3,3098.0
Asus,VivoBook S15,Intel i5-14500H,NVIDIA RTX 4050,32,1024,True,2.58,17.3,2432.72
Asus,VivoBook S15,Intel i9-14900HK,NVIDIA RTX 4080,32,2048,False,3.08,17.3,3982.66
Asus,ROG Zephyrus G15,Intel i7-14800H,NVIDIA RTX 4060,128,4096,True,1.25,14.0,4185.81
Asus,ExpertBook B9,Intel i5-14600H,Intel Iris Xe,16,1024,False,2.23,15.6,1886.7
Asus,ExpertBook B9,Intel i7-14700H,NVIDIA RTX 4060,16,512,False,2.32,15.6,2631.54
Asus,TUF Gaming F15,AMD Ryzen 7 8800H,AMD Radeon 780M,8,1024,True,2.79,18.4,2457.04
Asus,ZenBook 14,Intel i5-14500H,NVIDIA RTX 4050,32,1024,False,1.09,13.3,2354.39
Asus,ROG Zephyrus G15,Intel Core Ultra 7 15500H,NVIDIA RTX 4060,8,4096,False,2.12,16.0,2617.15
Asus,ZenBook 14,Intel Core Ultra 9 15700H,NVIDIA RTX 4080,128,4096,True,1.51,15.6,4468.19
Asus,VivoBook S15,AMD Ryzen 5 8600H,NVIDIA RTX 4050,64,1024,False,1.11,14.0,2674.2
Asus,ExpertBook B9,Intel i7-14700H,NVIDIA RTX 4060,128,1024,False,2.26,15.6,3686.26
Asus,VivoBook S15,AMD Ryzen 9 8900HX,NVIDIA RTX 4070,32,1024,False,1.45,13.3,3399.98
Asus,ZenBook 14,AMD Ryzen 7 8800H,NVIDIA RTX 4060,32,512,False,1.21,14.0,2795.08
Asus,TUF Gaming F15,AMD Ryzen 9 8900HX,NVIDIA RTX 4070,64,2048,False,1.3,13.3,3904.66
Asus,ZenBook 14,Intel i5-14500H,NVIDIA RTX 4050,16,256,True,2.1,15.6,2160.63
Asus,ExpertBook B9,Intel Core Ultra 9 15700H,Intel Arc A750M,64,256,True,1.43,13.3,2206.92
Asus,ExpertBook B9,AMD Ryzen 9 8900HX,AMD Radeon 780M,32,4096,False,1.44,13.3,3189.25
Asus,ExpertBook B9,AMD Ryzen 9 8900HX,AMD Radeon 780M,128,256,False,2.51,18.4,3576.39
Asus,ZenBook 14,AMD Ryzen 7 8800H,AMD Radeon 780M,16,4096,False,3.05,18.4,2675.74
Asus,ExpertBook B9,Intel Core Ultra 9 15700H,NVIDIA RTX 4070,32,256,True,3.32,18.4,2804.25
Asus,VivoBook S15,Intel i5-14600H,NVIDIA RTX 3050,16,256,False,1.04,14.0,1842.63
Asus,VivoBook S15,Intel i5-14500H,Intel Iris Xe,16,256,False,1.63,16.0,1805.75
Asus,ZenBook 14,AMD Ryzen 7 8800H,NVIDIA RTX 4060,8,2048,True,1.25,13.3,2846.29
Asus,ZenBook 14,Intel Core Ultra 9 15700H,Intel Arc A750M,32,512,True,1.05,13.3,2042.63
Asus,ROG Zephyrus G15,Intel i7-14800H,NVIDIA RTX 4070,16,256,True,2.52,17.3,3063.5
Asus,ExpertBook B9,Intel i5-14600H,NVIDIA RTX 3050,8,2048,False,1.43,14.0,1906.63
Asus,ExpertBook B9,AMD Ryzen 9 8900HX,NVIDIA RTX 4070,32,512,False,3.05,18.4,3423.86
Asus,ROG Zephyrus G15,AMD Ryzen 9 8900HX,NVIDIA RTX 4070,16,4096,True,2.24,15.6,3775.87
Asus,TUF Gaming F15,Intel Core Ultra 9 15700H,NVIDIA RTX 4070,16,512,True,1.05,13.3,2762.27
Asus,VivoBook S15,AMD Ryzen 5 8600H,NVIDIA RTX 3050,16,4096,False,2.66,17.3,2148.09
Asus,ROG Zephyrus G15,Intel i9-14900HK,NVIDIA RTX 4080,32,1024,True,1.99,15.6,4068.28
Asus,ROG Zephyrus G15,Intel i9-14900HK,NVIDIA RTX 4070,128,256,True,1.24,13.3,4264.27
Asus,TUF Gaming F15,Intel i5-14600H,NVIDIA RTX 4050,128,1024,True,1.8,15.6,3296.89
Asus,TUF Gaming F15,Intel Core Ultra 9 15700H,NVIDIA RTX 4070,8,4096,False,2.62,17.3,2968.11
Asus,ZenBook 14,Intel Core Ultra 7 15500H,NVIDIA RTX 4070,64,1024,False,3.08,18.4,3023.5
Asus,ZenBook 14,AMD Ryzen 5 8600H,AMD Radeon 680M,8,256,True,2.58,18.4,1876.46
Asus,ZenBook 14,Intel i5-14500H,Intel Iris Xe,32,1024,True,1.17,14.0,2181.94
Asus,ExpertBook B9,Intel i7-14700H,NVIDIA RTX 4070,128,1024,False,1.77,16.0,3916.14
Asus,ExpertBook B9,Intel i9-14900HK,NVIDIA RTX 4070,128,256,True,1.0,14.0,4373.5
Asus,VivoBook S15,Intel i9-14900HK,NVIDIA RTX 4080,8,1024,False,1.82,16.0,3610.84
Asus,VivoBook S15,Intel i7-14800H,NVIDIA RTX 4070,128,512,True,2.96,17.3,4144.34
Asus,TUF Gaming F15,Intel i5-14500H,Intel Iris Xe,32,4096,True,3.23,17.3,2525.45
Asus,TUF Gaming F15,Intel i5-14600H,NVIDIA RTX 3050,16,512,True,2.22,15.6,1991.52
Asus,ExpertBook B9,Intel i5-14500H,NVIDIA RTX 4050,32,2048,False,1.9,16.0,2418.63
Asus,ExpertBook B9,AMD Ryzen 5 8600H,NVIDIA RTX 3050,64,256,True,3.18,17.3,2383.51
Asus,ZenBook 14,Intel i7-14800H,NVIDIA RTX 4080,64,2048,False,3.05,17.3,4010.73
Asus,TUF Gaming F15,Intel i7-14700H,NVIDIA RTX 4070,64,2048,False,2.78,17.3,3490.28
Asus,ROG Zephyrus G15,AMD Ryzen 9 8900HX,AMD Radeon 780M,32,256,True,2.4,15.6,2808.1
Asus,VivoBook S15,Intel i9-14900HK,NVIDIA RTX 4070,64,256,False,2.03,16.0,3571.54
Asus,ExpertBook B9,AMD Ryzen 9 8900HX,NVIDIA RTX 4070,128,2048,True,2.8,17.3,4415.19
Asus,TUF Gaming F15,AMD Ryzen 5 8600H,AMD Radeon 680M,64,512,False,3.24,17.3,2298.73
Asus,TUF Gaming F15,Intel i9-14900HK,NVIDIA RTX 4080,128,256,False,3.17,18.4,4600.21
Asus,ExpertBook B9,Intel i9-14900HK,NVIDIA RTX 4070,32,256,False,2.86,17.3,3466.09
Asus,VivoBook S15,Intel Core Ultra 9 15700H,NVIDIA RTX 4070,128,4096,False,2.62,17.3,4069.04
Asus,ZenBook 14,AMD Ryzen 9 8900HX,AMD Radeon 780M,16,512,True,1.18,13.3,2852.24
Asus,TUF Gaming F15,Intel i9-14900HK,NVIDIA RTX 4080,32,1024,False,1.02,13.3,3859.17
Asus,ROG Zephyrus G15,Intel i9-14900HK,NVIDIA RTX 4080,32,4096,False,1.17,14.0,4220.19
Asus,ZenBook 14,Intel Core Ultra 9 15700H,NVIDIA RTX 4080,64,4096,True,1.18,13.3,4086.98
Asus,TUF Gaming F15,Intel i5-14500H,NVIDIA RTX 4050,8,1024,False,1.37,14.0,2027.16
Asus,ROG Zephyrus G15,Intel i7-14800H,NVIDIA RTX 4060,128,2048,True,1.09,13.3,3924.85
Asus,ROG Zephyrus G15,Intel i7-14700H,NVIDIA RTX 4060,32,256,True,1.67,15.6,2842.34
Asus,ExpertBook B9,AMD Ryzen 7 8800H,NVIDIA RTX 4070,128,4096,True,2.23,15.6,4592.67
Asus,ZenBook 14,Intel i7-14700H,NVIDIA RTX 4060,16,256,False,3.12,18.4,2551.32
Asus,TUF Gaming F15,AMD Ryzen 5 8600H,AMD Radeon 680M,8,4096,True,2.11,16.0,2308.9
Asus,VivoBook S15,Intel i7-14800H,NVIDIA RTX 4070,64,256,True,1.51,16.0,3452.25
Asus,VivoBook S15,AMD Ryzen 5 8600H,NVIDIA RTX 4050,64,512,True,1.62,15.6,2604.82
Asus,ExpertBook B9,Intel i5-14600H,NVIDIA RTX 3050,128,256,True,1.24,13.3,2962.47
Asus,ExpertBook B9,Intel i7-14800H,NVIDIA RTX 4060,64,256,False,2.06,15.6,3052.51
Asus,ZenBook 14,Intel i7-14700H,NVIDIA RTX 4070,128,1024,True,2.62,18.4,4056.02
Asus,ExpertBook B9,AMD Ryzen 9 8900HX,NVIDIA RTX 4080,128,2048,False,1.86,15.6,4821.28
Asus,ROG Zephyrus G15,AMD Ryzen 5 8600H,NVIDIA RTX 4050,64,256,True,3.42,18.4,2690.17
Asus,ExpertBook B9,Intel i9-14900HK,NVIDIA RTX 4070,8,256,True,2.85,17.3,3328.38
Asus,ROG Zephyrus G15,Intel i5-14500H,Intel Iris Xe,64,256,True,1.42,14.0,2325.21
Asus,ExpertBook B9,AMD Ryzen 9 8900HX,NVIDIA RTX 4070,128,4096,False,1.92,16.0,4689.62
Asus,TUF Gaming F15,Intel Core Ultra 7 15500H,NVIDIA RTX 4070,8,256,False,1.35,13.3,2393.15
Asus,TUF Gaming F15,Intel i7-14800H,NVIDIA RTX 4080,16,4096,False,3.04,17.3,3785.23
Asus,ExpertBook B9,Intel i5-14600H,NVIDIA RTX 4050,8,256,False,3.19,18.4,2010.04
Asus,VivoBook S15,Intel Core Ultra 9 15700H,Intel Arc A750M,64,512,True,1.0,13.3,2326.7
Asus,VivoBook S15,Intel i7-14800H,NVIDIA RTX 4080,16,512,False,2.2,15.6,3294.34
Asus,ZenBook 14,Intel Core Ultra 9 15700H,Intel Arc A750M,128,2048,False,2.68,17.3,2845.44
Asus,TUF Gaming F15,AMD Ryzen 9 8900HX,NVIDIA RTX 4080,64,256,False,1.02,14.0,4102.43
Asus,ROG Zephyrus G15,Intel i7-14800H,NVIDIA RTX 4060,64,1024,True,1.68,15.6,3147.23
Asus,VivoBook S15,Intel i7-14800H,NVIDIA RTX 4070,16,1024,False,1.81,15.6,3023.33
Asus,VivoBook S15,Intel i5-14600H,NVIDIA RTX 3050,8,256,False,3.37,17.3,1664.96
Asus,ROG Zephyrus G15,Intel Core Ultra 9 15700H,Intel Arc A750M,8,4096,False,2.78,18.4,2074.78
Asus,ExpertBook B9,AMD Ryzen 5 8600H,NVIDIA RTX 3050,64,4096,False,1.16,13.3,2701.72
Asus,ROG Zephyrus G15,AMD Ryzen 5 8600H,AMD Radeon 680M,8,1024,False,3.14,17.3,1844.98
Asus,VivoBook S15,Intel i5-14500H,NVIDIA RTX 4050,64,512,False,2.68,18.4,2503.88
Asus,ZenBook 14,Intel i9-14900HK,NVIDIA RTX 4070,64,512,False,3.18,17.3,3748.06
Asus,ZenBook 14,AMD Ryzen 5 8600H,AMD Radeon 680M,64,512,True,2.58,17.3,2406.52
Asus,ROG Zephyrus G15,AMD Ryzen 5 8600H,AMD Radeon 680M,64,2048,True,1.49,13.3,2586.75
Asus,ZenBook 14,Intel i5-14500H,NVIDIA RTX 4050,64,1024,True,3.18,17.3,2734.18
Asus,ZenBook 14,AMD Ryzen 7 8800H,AMD Radeon 780M,32,512,False,2.99,18.4,2511.88
Asus,ZenBook 14,AMD Ryzen 9 8900HX,NVIDIA RTX 4070,128,1024,True,2.33,15.6,4335.8
Asus,ROG Zephyrus G15,Intel i5-14500H,Intel Iris Xe,8,256,True,1.05,14.0,1918.78
Asus,VivoBook S15,Intel Core Ultra 9 15700H,NVIDIA RTX 4080,64,4096,True,2.95,17.3,4033.69
Asus,ExpertBook B9,Intel Core Ultra 9 15700H,Intel Arc A750M,8,256,True,2.2,16.0,1733.42
Asus,TUF Gaming F15,AMD Ryzen 7 8800H,NVIDIA RTX 4060,64,1024,False,1.88,16.0,3035.14
Asus,ZenBook 14,Intel i5-14600H,NVIDIA RTX 3050,64,256,False,1.9,16.0,2203.17
Asus,ExpertBook B9,Intel i5-14600H,NVIDIA RTX 4050,64,1024,True,2.51,18.4,2742.48
Asus,ExpertBook B9,Intel i5-14500H,NVIDIA RTX 4050,8,1024,True,1.83,16.0,2216.19
Asus,ExpertBook B9,Intel i5-14600H,NVIDIA RTX 4050,64,2048,True,1.12,14.0,2952.26
Asus,TUF Gaming F15,AMD Ryzen 5 8600H,AMD Radeon 680M,128,512,True,1.03,14.0,2997.58
Asus,VivoBook S15,Intel i5-14500H,Intel Iris Xe,64,4096,True,1.28,14.0,2800.94
Asus,VivoBook S15,Intel i5-14500H,NVIDIA RTX 3050,16,512,False,1.35,14.0,1745.38
Asus,VivoBook S15,AMD Ryzen 9 8900HX,NVIDIA RTX 4070,128,1024,True,1.23,14.0,4519.74
Asus,TUF Gaming F15,Intel i7-14700H,NVIDIA RTX 4070,64,256,True,2.24,16.0,3454.17
Asus,TUF Gaming F15,Intel i5-14600H,NVIDIA RTX 3050,8,1024,True,1.29,13.3,1978.95
Asus,ExpertBook B9,AMD Ryzen 7 8800H,AMD Radeon 780M,128,4096,False,2.59,17.3,3638.42
Asus,ROG Zephyrus G15,Intel Core Ultra 9 15700H,NVIDIA RTX 4070,8,1024,True,1.37,14.0,2731.18
Asus,ZenBook 14,Intel i7-14800H,NVIDIA RTX 4060,32,512,True,3.46,17.3,2877.79
Asus,ROG Zephyrus G15,Intel i7-14800H,NVIDIA RTX 4070,64,2048,False,3.0,17.3,3531.06
Asus,TUF Gaming F15,AMD Ryzen 7 8800H,NVIDIA RTX 4070,128,2048,False,1.14,14.0,4137.74
Asus,VivoBook S15,AMD Ryzen 7 8800H,NVIDIA RTX 4060,128,512,False,2.31,16.0,3641.38
Asus,TUF Gaming F15,Intel Core Ultra 9 15700H,NVIDIA RTX 4080,128,2048,True,1.1,14.0,4465.46
Asus,TUF Gaming F15,Intel i7-14700H,NVIDIA RTX 4070,64,512,False,2.02,15.6,3318.72
Asus,TUF Gaming F15,Intel i7-14800H,NVIDIA RTX 4070,128,2048,True,1.19,14.0,4169.0
Asus,ExpertBook B9,Intel Core Ultra 7 15500H,Intel Arc A750M,128,1024,False,2.27,15.6,2741.84
Asus,ZenBook 14,Intel i5-14500H,Intel Iris Xe,16,4096,False,1.57,15.6,2282.95
Asus,ROG Zephyrus G15,AMD Ryzen 7 8800H,AMD Radeon 780M,8,256,False,1.63,15.6,2234.51
Asus,VivoBook S15,AMD Ryzen 5 8600H,NVIDIA RTX 4050,64,4096,False,1.28,14.0,2904.09
Asus,ROG Zephyrus G15,Intel i7-14700H,NVIDIA RTX 4060,8,512,False,2.44,16.0,2441.56
Asus,ZenBook 14,Intel Core Ultra 7 15500H,NVIDIA RTX 4070,64,512,True,2.39,16.0,3135.46
Asus,ExpertBook B9,Intel i5-14500H,Intel Iris Xe,16,256,True,1.45,14.0,1909.04
Asus,ExpertBook B9,AMD Ryzen 5 8600H,NVIDIA RTX 3050,8,256,True,2.88,17.3,1836.61
Asus,TUF Gaming F15,Intel i5-14500H,NVIDIA RTX 4050,64,256,False,2.03,16.0,2457.46
Asus,VivoBook S15,AMD Ryzen 7 8800H,NVIDIA RTX 4060,32,4096,True,2.65,18.4,3237.15
Asus,ROG Zephyrus G15,Intel i9-14900HK,NVIDIA RTX 4080,128,512,False,2.75,18.4,4717.52
Asus,ROG Zephyrus G15,Intel i7-14800H,NVIDIA RTX 4080,16,1024,True,1.36,14.0,3501.76
Asus,ROG Zephyrus G15,Intel i5-14600H,NVIDIA RTX 3050,128,256,False,1.79,15.6,2784.02
Asus,ROG Zephyrus G15,Intel i5-14600H,NVIDIA RTX 4050,16,512,False,3.48,18.4,2102.24
Asus,VivoBook S15,Intel Core Ultra 7 15500H,NVIDIA RTX 4060,128,1024,False,2.99,17.3,3234.73
Asus,ROG Zephyrus G15,Intel i5-14500H,NVIDIA RTX 3050,64,1024,False,2.63,18.4,2247.32
Asus,ZenBook 14,AMD Ryzen 5 8600H,NVIDIA RTX 4050,16,1024,False,1.17,13.3,2231.14
Asus,ExpertBook B9,AMD Ryzen 7 8800H,NVIDIA RTX 4070,16,4096,False,1.45,13.3,3345.71
Asus,ROG Zephyrus G15,Intel i9-14900HK,NVIDIA RTX 4070,128,4096,True,1.78,15.6,4851.88
Asus,ZenBook 14,Intel Core Ultra 7 15500H,Intel Arc A750M,8,1024,True,2.89,18.4,1814.07
Asus,ExpertBook B9,AMD Ryzen 7 8800H,NVIDIA RTX 4070,16,4096,False,2.63,18.4,3240.13
Asus,ZenBook 14,Intel i5-14500H,NVIDIA RTX 4050,128,4096,True,1.61,15.6,3668.42
Asus,VivoBook S15,Intel i5-14600H,NVIDIA RTX 4050,32,2048,False,1.4,13.3,2357.57
Asus,ROG Zephyrus G15,AMD Ryzen 9 8900HX,NVIDIA RTX 4070,32,4096,False,1.41,13.3,3718.28
Dell,Alienware M15,AMD Ryzen 9 8900HX,NVIDIA RTX 4070,8,512,True,1.96,16.0,3323.98
Dell,Alienware M15,AMD Ryzen 5 8600H,NVIDIA RTX 4050,32,4096,True,3.34,18.4,2822.4
Dell,XPS 15,Intel i5-14600H,Intel Iris Xe,64,1024,True,1.47,13.3,2457.15
Dell,XPS 13,Intel i9-14900HK,NVIDIA RTX 4070,64,256,False,2.46,16.0,3683.31
Dell,XPS 13,Intel i5-14500H,Intel Iris Xe,8,1024,True,2.03,16.0,1942.55
Dell,Latitude 7420,Intel i5-14500H,NVIDIA RTX 3050,16,1024,False,2.89,17.3,1895.9
Dell,XPS 13,Intel Core Ultra 9 15700H,NVIDIA RTX 4070,64,4096,True,1.43,14.0,3568.85
Dell,Alienware M15,Intel Core Ultra 7 15500H,Intel Arc A750M,32,4096,False,1.23,14.0,2270.03
Dell,Latitude 7420,Intel Core Ultra 9 15700H,Intel Arc A750M,32,512,True,2.91,18.4,1960.34
Dell,Alienware M15,Intel Core Ultra 9 15700H,NVIDIA RTX 4070,8,256,True,1.34,14.0,2585.86
Dell,XPS 13,Intel Core Ultra 7 15500H,Intel Arc A750M,128,256,False,2.46,16.0,2637.04
Dell,XPS 15,Intel i5-14600H,Intel Iris Xe,64,256,False,1.21,13.3,2319.18
Dell,Latitude 7420,Intel i7-14700H,NVIDIA RTX 4070,8,1024,False,2.39,15.6,2936.06
Dell,XPS 15,Intel i5-14600H,Intel Iris Xe,64,1024,False,2.79,17.3,2330.96
Dell,XPS 13,Intel Core Ultra 9 15700H,NVIDIA RTX 4070,64,512,True,2.14,15.6,3229.25
Dell,Latitude 7420,Intel Core Ultra 7 15500H,NVIDIA RTX 4060,64,4096,True,2.46,16.0,3194.6
Dell,XPS 15,Intel i7-14700H,NVIDIA RTX 4070,64,4096,True,1.23,13.3,3941.06
Dell,Latitude 7420,Intel i5-14600H,NVIDIA RTX 3050,128,2048,True,3.0,18.4,3197.8
Dell,Inspiron 15,AMD Ryzen 5 8600H,NVIDIA RTX 4050,128,2048,True,3.4,18.4,3457.95
Dell,XPS 15,AMD Ryzen 9 8900HX,NVIDIA RTX 4080,64,1024,True,3.06,17.3,4370.39
Dell,XPS 13,Intel i7-14800H,NVIDIA RTX 4070,64,4096,False,1.73,16.0,3730.92
Dell,Alienware M15,Intel i9-14900HK,NVIDIA RTX 4070,32,256,True,3.45,17.3,3520.99
Dell,Alienware M15,Intel i7-14700H,NVIDIA RTX 4070,32,2048,True,1.47,14.0,3407.45
Dell,Latitude 7420,Intel Core Ultra 7 15500H,Intel Arc A750M,8,512,True,1.03,14.0,1867.95
Dell,XPS 13,Intel Core Ultra 7 15500H,NVIDIA RTX 4070,32,1024,False,1.49,14.0,2794.12
Dell,XPS 13,AMD Ryzen 9 8900HX,NVIDIA RTX 4080,64,4096,True,1.09,14.0,4789.96
Dell,Alienware M15,Intel i7-14700H,NVIDIA RTX 4070,64,2048,True,1.59,16.0,3592.35
Dell,Inspiron 15,Intel i7-14700H,NVIDIA RTX 4060,8,1024,True,2.07,16.0,2713.41
Dell,Alienware M15,Intel Core Ultra 7 15500H,Intel Arc A750M,8,512,False,2.9,18.4,1658.68
Dell,Inspiron 15,Intel i7-14800H,NVIDIA RTX 4060,64,1024,True,2.68,18.4,3209.51
Dell,XPS 13,AMD Ryzen 9 8900HX,AMD Radeon 780M,32,256,True,3.32,17.3,2928.06
Dell,Alienware M15,Intel i5-14500H,NVIDIA RTX 4050,64,512,True,1.11,14.0,2689.42
Dell,Alienware M15,AMD Ryzen 7 8800H,NVIDIA RTX 4070,64,512,False,2.81,17.3,3397.38
Dell,Alienware M15,Intel i7-14800H,NVIDIA RTX 4070,128,256,True,3.09,17.3,4082.24
Dell,Alienware M15,Intel Core Ultra 9 15700H,NVIDIA RTX 4080,64,512,True,2.77,18.4,3649.78
Dell,Alienware M15,Intel Core Ultra 9 15700H,Intel Arc A750M,8,1024,False,2.0,16.0,1663.54
Dell,Inspiron 15,AMD Ryzen 9 8900HX,AMD Radeon 780M,32,4096,True,1.37,14.0,3372.66
Dell,XPS 15,Intel Core Ultra 7 15500H,NVIDIA RTX 4070,128,2048,True,2.49,16.0,3926.89
Dell,Latitude 7420,AMD Ryzen 5 8600H,AMD Radeon 680M,8,256,True,3.26,17.3,1874.79
Dell,Inspiron 15,AMD Ryzen 5 8600H,AMD Radeon 680M,16,256,True,1.91,16.0,1908.52
Dell,XPS 13,Intel Core Ultra 9 15700H,Intel Arc A750M,8,4096,True,3.07,17.3,2201.66
Dell,Alienware M15,Intel i7-14700H,NVIDIA RTX 4060,32,512,False,1.05,14.0,2751.65
Dell,Alienware M15,AMD Ryzen 9 8900HX,AMD Radeon 780M,128,4096,False,1.33,14.0,4097.96
Dell,Inspiron 15,AMD Ryzen 5 8600H,NVIDIA RTX 3050,16,512,True,1.45,13.3,1930.05
Dell,Latitude 7420,Intel Core Ultra 9 15700H,NVIDIA RTX 4080,128,256,True,1.2,14.0,4110.94
Dell,XPS 15,Intel i7-14700H,NVIDIA RTX 4060,32,2048,True,1.3,13.3,3032.32
Dell,Alienware M15,AMD Ryzen 5 8600H,AMD Radeon 680M,64,256,True,2.84,18.4,2379.78
Dell,Inspiron 15,Intel i7-14700H,NVIDIA RTX 4070,16,1024,True,2.05,15.6,3033.64
Dell,XPS 15,Intel i7-14700H,NVIDIA RTX 4070,64,4096,True,1.4,14.0,3854.29
Dell,XPS 13,Intel i7-14800H,NVIDIA RTX 4080,128,1024,True,1.34,13.3,4633.14
Dell,XPS 15,Intel i5-14500H,NVIDIA RTX 4050,16,256,False,1.08,13.3,2173.56
Dell,XPS 15,AMD Ryzen 7 8800H,NVIDIA RTX 4060,64,512,False,1.31,13.3,3074.43
Dell,Alienware M15,Intel i5-14600H,NVIDIA RTX 3050,128,256,True,2.16,16.0,2969.63
Dell,Inspiron 15,Intel i7-14800H,NVIDIA RTX 4070,128,512,False,1.01,14.0,4030.15
Dell,XPS 13,Intel i5-14500H,NVIDIA RTX 3050,8,1024,False,1.35,13.3,1756.04
Dell,Inspiron 15,Intel Core Ultra 9 15700H,Intel Arc A750M,8,256,True,1.18,13.3,1807.44
Dell,Inspiron 15,Intel Core Ultra 9 15700H,NVIDIA RTX 4080,128,4096,False,1.17,13.3,4466.26
Dell,XPS 15,Intel i5-14600H,NVIDIA RTX 3050,128,256,True,1.33,14.0,2849.88
Dell,Inspiron 15,Intel Core Ultra 7 15500H,NVIDIA RTX 4060,16,4096,True,1.31,13.3,2714.96
Dell,Latitude 7420,AMD Ryzen 9 8900HX,NVIDIA RTX 4080,64,256,False,3.49,17.3,4182.52
Dell,Alienware M15,AMD Ryzen 7 8800H,NVIDIA RTX 4060,16,4096,False,3.32,18.4,2971.73
Dell,Inspiron 15,Intel Core Ultra 9 15700H,NVIDIA RTX 4080,32,512,False,2.75,17.3,3173.64
Dell,Latitude 7420,AMD Ryzen 5 8600H,NVIDIA RTX 4050,16,512,True,1.03,13.3,2349.21
Dell,XPS 13,Intel i5-14500H,NVIDIA RTX 3050,32,2048,False,1.95,16.0,2167.44
Dell,XPS 15,AMD Ryzen 9 8900HX,NVIDIA RTX 4070,128,256,False,1.45,13.3,4238.37
Dell,Alienware M15,Intel i7-14800H,NVIDIA RTX 4070,64,2048,False,2.37,16.0,3583.63
Dell,Alienware M15,AMD Ryzen 5 8600H,NVIDIA RTX 3050,32,2048,True,1.28,13.3,2281.89
Dell,Inspiron 15,Intel Core Ultra 7 15500H,NVIDIA RTX 4070,128,4096,False,1.2,14.0,4132.36
Dell,Latitude 7420,AMD Ryzen 9 8900HX,NVIDIA RTX 4080,64,2048,False,3.29,17.3,4238.7
Dell,XPS 15,Intel i9-14900HK,NVIDIA RTX 4080,16,1024,False,1.39,13.3,3744.26
Dell,Latitude 7420,AMD Ryzen 9 8900HX,AMD Radeon 780M,128,1024,False,2.56,17.3,3817.48
Dell,Alienware M15,AMD Ryzen 5 8600H,AMD Radeon 680M,8,512,False,2.66,18.4,1741.03
Dell,XPS 15,Intel i7-14800H,NVIDIA RTX 4060,8,2048,False,1.01,14.0,2787.01
Dell,Inspiron 15,Intel i9-14900HK,NVIDIA RTX 4070,32,4096,True,1.49,14.0,3829.63
Dell,XPS 13,AMD Ryzen 7 8800H,NVIDIA RTX 4060,128,1024,True,1.48,13.3,3698.25
Dell,XPS 13,Intel i7-14800H,NVIDIA RTX 4080,128,2048,True,2.21,15.6,4692.69
Dell,Alienware M15,AMD Ryzen 5 8600H,AMD Radeon 680M,16,256,False,1.06,13.3,1815.28
Dell,Latitude 7420,Intel i9-14900HK,NVIDIA RTX 4080,128,256,False,2.91,17.3,4688.14
Dell,XPS 13,Intel i9-14900HK,NVIDIA RTX 4080,64,256,True,1.17,14.0,4247.01
Dell,Alienware M15,AMD Ryzen 9 8900HX,NVIDIA RTX 4070,8,512,False,1.07,13.3,3239.29
Dell,Inspiron 15,Intel i5-14500H,NVIDIA RTX 3050,64,512,False,2.31,16.0,2272.44
Dell,Inspiron 15,AMD Ryzen 9 8900HX,NVIDIA RTX 4080,16,4096,True,1.58,15.6,4140.18
Dell,Latitude 7420,Intel i9-14900HK,NVIDIA RTX 4080,64,1024,False,3.09,17.3,4205.12
Dell,XPS 13,Intel Core Ultra 9 15700H,NVIDIA RTX 4070,64,1024,False,3.47,18.4,3017.65
Dell,XPS 15,Intel i5-14500H,NVIDIA RTX 4050,128,256,False,1.14,13.3,3061.43
Dell,Latitude 7420,Intel i7-14700H,NVIDIA RTX 4070,64,2048,False,3.25,17.3,3515.73
Dell,XPS 15,Intel i7-14700H,NVIDIA RTX 4070,64,512,False,1.01,14.0,3329.8
Dell,Inspiron 15,Intel i7-14700H,NVIDIA RTX 4060,16,512,True,1.04,14.0,2865.97
Dell,XPS 15,Intel Core Ultra 9 15700H,NVIDIA RTX 4070,32,2048,True,3.11,18.4,2962.14
Dell,Latitude 7420,Intel Core Ultra 9 15700H,Intel Arc A750M,16,1024,False,1.29,14.0,1838.5
Dell,Alienware M15,Intel i5-14600H,NVIDIA RTX 3050,32,2048,False,1.63,15.6,2138.92
Dell,Inspiron 15,Intel Core Ultra 7 15500H,NVIDIA RTX 4070,32,256,True,2.5,17.3,2930.51
Dell,XPS 15,Intel i5-14500H,Intel Iris Xe,32,1024,True,1.97,16.0,2143.24
Dell,Alienware M15,Intel i5-14600H,NVIDIA RTX 3050,32,1024,False,1.37,13.3,2027.76
Dell,Latitude 7420,AMD Ryzen 9 8900HX,AMD Radeon 780M,8,512,False,2.29,16.0,2619.79
Dell,Inspiron 15,AMD Ryzen 5 8600H,NVIDIA RTX 3050,32,1024,True,2.04,15.6,2156.53
Dell,Alienware M15,Intel i9-14900HK,NVIDIA RTX 4080,64,512,False,3.0,18.4,4155.29
Dell,Inspiron 15,Intel i9-14900HK,NVIDIA RTX 4080,16,4096,True,1.43,13.3,4193.94
Dell,Latitude 7420,Intel i5-14600H,NVIDIA RTX 4050,64,1024,True,1.28,14.0,2729.55
Dell,Alienware M15,Intel i7-14700H,NVIDIA RTX 4070,128,512,False,3.23,18.4,3818.57
Dell,XPS 15,Intel i7-14700H,NVIDIA RTX 4070,8,4096,False,1.54,15.6,3226.1
Dell,XPS 15,Intel i9-14900HK,NVIDIA RTX 4080,8,4096,False,2.7,18.4,4165.71
Dell,XPS 15,Intel i7-14800H,NVIDIA RTX 4060,16,512,False,2.91,18.4,2626.72
Dell,XPS 15,AMD Ryzen 9 8900HX,NVIDIA RTX 4080,32,2048,False,1.87,16.0,4129.73
Dell,Alienware M15,Intel i5-14500H,NVIDIA RTX 3050,32,1024,False,2.45,16.0,2060.66
Dell,Inspiron 15,AMD Ryzen 5 8600H,NVIDIA RTX 4050,64,4096,True,1.23,13.3,3191.43
Dell,Alienware M15,AMD Ryzen 7 8800H,NVIDIA RTX 4070,128,2048,False,3.0,17.3,4042.45
Dell,Inspiron 15,Intel i7-14700H,NVIDIA RTX 4070,32,4096,True,1.05,13.3,3688.08
Dell,XPS 15,AMD Ryzen 5 8600H,NVIDIA RTX 4050,8,4096,False,2.95,17.3,2393.31
Dell,XPS 15,Intel i5-14600H,Intel Iris Xe,32,512,True,1.09,13.3,2191.47
Dell,XPS 13,Intel i7-14700H,NVIDIA RTX 4060,128,2048,True,2.65,18.4,3820.21
Dell,XPS 13,Intel i5-14600H,NVIDIA RTX 4050,128,256,False,2.66,17.3,3030.55
Dell,Latitude 7420,Intel Core Ultra 9 15700H,NVIDIA RTX 4070,32,2048,False,1.15,13.3,2943.45
Dell,Latitude 7420,Intel i7-14800H,NVIDIA RTX 4080,8,1024,True,1.98,15.6,3574.75
Dell,Latitude 7420,Intel i7-14700H,NVIDIA RTX 4060,64,256,True,2.37,15.6,3143.34
Dell,XPS 13,AMD Ryzen 7 8800H,NVIDIA RTX 4060,16,256,False,1.48,13.3,2516.04
Dell,Latitude 7420,Intel Core Ultra 7 15500H,Intel Arc A750M,128,4096,True,1.16,14.0,3262.55
Dell,Latitude 7420,Intel Core Ultra 7 15500H,Intel Arc A750M,8,512,True,2.37,15.6,1764.16
Dell,XPS 15,Intel i7-14700H,NVIDIA RTX 4060,16,512,True,3.25,18.4,2751.66
Dell,Latitude 7420,Intel i5-14500H,NVIDIA RTX 3050,8,256,False,3.13,18.4,1758.2
Dell,Inspiron 15,AMD Ryzen 5 8600H,NVIDIA RTX 3050,32,2048,True,2.78,17.3,2333.87
Dell,XPS 15,Intel Core Ultra 9 15700H,NVIDIA RTX 4070,64,512,False,1.71,16.0,3046.09
Dell,Alienware M15,Intel i7-14800H,NVIDIA RTX 4070,128,256,True,2.26,15.6,4022.87
Dell,Alienware M15,Intel i5-14600H,NVIDIA RTX 4050,8,256,False,1.23,13.3,2071.77
Dell,Latitude 7420,Intel Core Ultra 7 15500H,NVIDIA RTX 4070,16,256,False,1.45,13.3,2580.53
Dell,XPS 15,AMD Ryzen 7 8800H,NVIDIA RTX 4070,32,2048,True,1.09,13.3,3427.81
Dell,XPS 13,Intel i5-14600H,Intel Iris Xe,32,512,False,1.15,14.0,1979.67
Dell,Alienware M15,Intel Core Ultra 7 15500H,NVIDIA RTX 4060,8,4096,True,2.72,17.3,2712.92
Dell,XPS 15,AMD Ryzen 7 8800H,AMD Radeon 780M,64,4096,False,2.87,18.4,3255.75
Dell,XPS 15,Intel i5-14600H,NVIDIA RTX 3050,128,4096,True,2.68,17.3,3407.97
Dell,Alienware M15,Intel Core Ultra 9 15700H,Intel Arc A750M,32,2048,True,2.89,17.3,2117.05
Dell,XPS 13,Intel i5-14500H,NVIDIA RTX 4050,128,256,False,2.75,18.4,3176.79
Dell,Alienware M15,Intel i5-14600H,NVIDIA RTX 4050,128,512,False,1.01,13.3,3131.54
Dell,Alienware M15,Intel Core Ultra 9 15700H,NVIDIA RTX 4080,8,256,True,2.97,18.4,3133.85
Dell,Latitude 7420,AMD Ryzen 7 8800H,NVIDIA RTX 4070,16,4096,True,1.4,14.0,3464.08
Dell,Inspiron 15,AMD Ryzen 9 8900HX,NVIDIA RTX 4080,64,1024,True,1.48,13.3,4377.02
Dell,Latitude 7420,Intel i5-14500H,NVIDIA RTX 4050,8,1024,True,2.53,17.3,2187.66
Dell,XPS 15,Intel i5-14600H,NVIDIA RTX 3050,16,2048,True,1.15,14.0,2220.69
Dell,Latitude 7420,Intel Core Ultra 7 15500H,NVIDIA RTX 4060,8,2048,True,2.49,16.0,2574.58
Dell,Latitude 7420,AMD Ryzen 7 8800H,NVIDIA RTX 4070,128,1024,True,1.33,13.3,4163.53
Dell,XPS 13,Intel i5-14600H,NVIDIA RTX 3050,128,512,False,3.44,18.4,2874.57
Dell,XPS 13,AMD Ryzen 9 8900HX,AMD Radeon 780M,64,256,False,1.01,13.3,3125.55
Dell,Inspiron 15,Intel i5-14500H,Intel Iris Xe,128,4096,True,1.22,14.0,3400.77
Dell,XPS 13,Intel i5-14500H,NVIDIA RTX 4050,8,512,True,2.64,18.4,2207.03
Dell,XPS 15,Intel Core Ultra 9 15700H,Intel Arc A750M,16,256,False,3.07,17.3,1711.27
Dell,XPS 15,Intel Core Ultra 7 15500H,NVIDIA RTX 4060,8,1024,True,1.32,14.0,2303.52
Dell,XPS 13,AMD Ryzen 5 8600H,NVIDIA RTX 3050,16,2048,False,3.3,18.4,2027.67
Dell,Alienware M15,Intel i7-14800H,NVIDIA RTX 4070,8,2048,True,1.16,14.0,3218.03
Dell,XPS 15,Intel Core Ultra 7 15500H,Intel Arc A750M,16,512,True,2.57,17.3,1810.71
Dell,Alienware M15,Intel Core Ultra 7 15500H,NVIDIA RTX 4060,8,4096,True,2.59,18.4,2800.88
Dell,Inspiron 15,AMD Ryzen 5 8600H,AMD Radeon 680M,128,1024,True,2.06,15.6,2973.74
Dell,Latitude 7420,Intel i7-14800H,NVIDIA RTX 4080,32,4096,True,2.16,15.6,3960.7
Dell,Latitude 7420,AMD Ryzen 7 8800H,NVIDIA RTX 4060,64,1024,True,2.22,16.0,3254.45
Dell,Alienware M15,Intel i5-14600H,NVIDIA RTX 3050,8,256,False,1.2,13.3,1823.23
Dell,XPS 15,AMD Ryzen 9 8900HX,NVIDIA RTX 4070,32,256,False,1.37,13.3,3268.14
Dell,Latitude 7420,AMD Ryzen 5 8600H,AMD Radeon 680M,16,256,False,3.08,18.4,1810.85
Dell,XPS 15,Intel i9-14900HK,NVIDIA RTX 4070,16,1024,False,1.44,13.3,3301.92
Dell,XPS 15,Intel i7-14800H,NVIDIA RTX 4070,64,256,False,1.05,14.0,3364.87
Dell,Inspiron 15,Intel i7-14700H,NVIDIA RTX 4060,128,512,True,1.2,14.0,3807.19
Dell,Inspiron 15,Intel i5-14500H,NVIDIA RTX 3050,8,256,True,1.25,13.3,1952.87
Dell,XPS 13,Intel Core Ultra 7 15500H,NVIDIA RTX 4060,32,1024,True,2.62,18.4,2543.21
Dell,XPS 13,Intel i5-14500H,Intel Iris Xe,64,1024,False,1.35,13.3,2232.56
Dell,XPS 15,Intel i7-14800H,NVIDIA RTX 4080,32,512,True,1.27,13.3,3720.03
HP,Spectre x360,Intel i7-14800H,NVIDIA RTX 4060,16,4096,True,1.6,16.0,3200.96
HP,EliteBook 840,Intel i7-14700H,NVIDIA RTX 4070,16,4096,True,1.02,13.3,3461.78
HP,Omen 15,AMD Ryzen 5 8600H,NVIDIA RTX 3050,128,256,True,2.67,17.3,2987.12
HP,Envy 13,Intel i7-14700H,NVIDIA RTX 4070,8,512,False,3.43,18.4,2869.23
HP,EliteBook 840,AMD Ryzen 9 8900HX,NVIDIA RTX 4070,128,1024,True,2.04,15.6,4471.54
HP,Pavilion 15,Intel i7-14700H,NVIDIA RTX 4060,16,4096,True,1.97,15.6,3050.34
HP,Pavilion 15,Intel i7-14800H,NVIDIA RTX 4060,128,4096,True,2.84,18.4,4048.88
HP,EliteBook 840,Intel Core Ultra 9 15700H,NVIDIA RTX 4080,8,1024,True,2.92,17.3,3114.12
HP,Pavilion 15,Intel i5-14600H,NVIDIA RTX 4050,64,256,False,2.61,17.3,2532.99
HP,Envy 13,Intel Core Ultra 7 15500H,Intel Arc A750M,64,2048,False,1.97,16.0,2280.3
HP,EliteBook 840,Intel i7-14700H,NVIDIA RTX 4070,16,1024,True,2.13,15.6,3183.43
HP,Pavilion 15,AMD Ryzen 7 8800H,AMD Radeon 780M,32,2048,False,1.0,13.3,2636.88
HP,Omen 15,Intel Core Ultra 7 15500H,Intel Arc A750M,8,4096,False,1.16,14.0,2069.67
HP,Spectre x360,Intel Core Ultra 7 15500H,NVIDIA RTX 4060,128,4096,False,2.48,16.0,3610.36
HP,Envy 13,Intel i5-14500H,NVIDIA RTX 3050,8,2048,True,1.42,14.0,2044.5
HP,Omen 15,Intel Core Ultra 9 15700H,Intel Arc A750M,16,256,True,2.02,16.0,1850.02
HP,Pavilion 15,Intel i7-14800H,NVIDIA RTX 4060,32,4096,False,2.53,17.3,3159.46
HP,Envy 13,Intel Core Ultra 9 15700H,NVIDIA RTX 4070,8,256,True,3.04,17.3,2591.27
HP,Spectre x360,Intel i5-14500H,NVIDIA RTX 3050,64,512,True,1.7,16.0,2347.27
HP,Pavilion 15,Intel i5-14600H,NVIDIA RTX 4050,32,1024,True,2.34,16.0,2462.11
HP,Pavilion 15,Intel Core Ultra 9 15700H,NVIDIA RTX 4070,128,2048,True,1.41,14.0,3884.21
HP,Pavilion 15,AMD Ryzen 7 8800H,NVIDIA RTX 4070,64,2048,False,1.18,14.0,3609.74
HP,Spectre x360,Intel i7-14700H,NVIDIA RTX 4070,16,512,False,1.44,13.3,2883.69
HP,Envy 13,Intel i7-14800H,NVIDIA RTX 4060,8,512,False,1.78,15.6,2531.54
HP,EliteBook 840,AMD Ryzen 5 8600H,NVIDIA RTX 3050,128,4096,True,1.9,15.6,3341.11
HP,Pavilion 15,Intel i9-14900HK,NVIDIA RTX 4080,8,512,False,2.45,15.6,3734.23
HP,Omen 15,Intel Core Ultra 7 15500H,Intel Arc A750M,16,2048,True,1.08,14.0,2044.0
HP,Pavilion 15,Intel i7-14800H,NVIDIA RTX 4080,32,1024,True,2.53,17.3,3687.45
HP,Omen 15,Intel i7-14700H,NVIDIA RTX 4070,128,2048,False,2.69,17.3,4111.53
HP,Envy 13,Intel Core Ultra 9 15700H,NVIDIA RTX 4080,64,512,True,2.08,16.0,3644.04
HP,Spectre x360,AMD Ryzen 5 8600H,NVIDIA RTX 4050,128,4096,False,3.15,17.3,3529.0
HP,EliteBook 840,Intel i7-14800H,NVIDIA RTX 4070,128,512,True,1.35,13.3,4132.22
HP,Pavilion 15,Intel i5-14500H,NVIDIA RTX 4050,8,2048,False,2.5,17.3,2119.88
HP,EliteBook 840,AMD Ryzen 9 8900HX,NVIDIA RTX 4080,128,512,False,3.07,17.3,4636.93
HP,EliteBook 840,Intel i5-14600H,Intel Iris Xe,32,4096,True,1.58,15.6,2539.71
HP,Pavilion 15,Intel i5-14600H,Intel Iris Xe,64,2048,False,2.3,16.0,2427.41
HP,Envy 13,Intel i5-14600H,Intel Iris Xe,8,4096,True,3.27,18.4,2294.83
HP,Spectre x360,Intel Core Ultra 7 15500H,NVIDIA RTX 4070,64,2048,False,3.06,17.3,3104.37
HP,Pavilion 15,Intel i7-14700H,NVIDIA RTX 4060,32,512,True,3.39,17.3,2833.57
HP,Omen 15,Intel Core Ultra 7 15500H,Intel Arc A750M,64,1024,False,2.19,15.6,2210.02
HP,Pavilion 15,AMD Ryzen 5 8600H,NVIDIA RTX 4050,32,256,False,1.17,13.3,2289.39
HP,Envy 13,Intel i9-14900HK,NVIDIA RTX 4070,64,256,True,2.97,17.3,3835.65
HP,Spectre x360,AMD Ryzen 9 8900HX,NVIDIA RTX 4070,8,256,True,1.51,15.6,3381.27
HP,Envy 13,Intel Core Ultra 7 15500H,NVIDIA RTX 4070,16,2048,False,1.39,14.0,2799.58
HP,Spectre x360,Intel Core Ultra 9 15700H,NVIDIA RTX 4070,128,1024,False,1.15,13.3,3714.32
HP,Spectre x360,Intel i5-14500H,Intel Iris Xe,16,4096,False,2.5,15.6,2181.05
HP,Omen 15,Intel i7-14700H,NVIDIA RTX 4070,64,256,False,1.16,13.3,3342.85
HP,Omen 15,Intel i7-14800H,NVIDIA RTX 4070,64,256,False,2.13,16.0,3361.5
HP,Pavilion 15,AMD Ryzen 5 8600H,NVIDIA RTX 3050,128,512,False,1.12,14.0,2877.9
HP,Pavilion 15,Intel Core Ultra 9 15700H,Intel Arc A750M,128,2048,False,3.11,17.3,2796.34
HP,EliteBook 840,Intel Core Ultra 9 15700H,NVIDIA RTX 4070,128,4096,True,2.12,16.0,4098.29
HP,Pavilion 15,Intel i7-14800H,NVIDIA RTX 4070,32,256,True,3.18,17.3,3151.22
HP,Pavilion 15,Intel Core Ultra 9 15700H,NVIDIA RTX 4070,8,1024,True,2.27,15.6,2657.05
HP,Omen 15,Intel i7-14800H,NVIDIA RTX 4080,128,256,True,1.22,14.0,4463.25
HP,Omen 15,Intel i5-14500H,Intel Iris Xe,8,2048,True,2.29,15.6,2018.69
HP,Omen 15,AMD Ryzen 9 8900HX,NVIDIA RTX 4080,8,256,False,3.36,18.4,3479.32
HP,Spectre x360,Intel i7-14700H,NVIDIA RTX 4070,16,256,True,1.64,15.6,3023.07
HP,Spectre x360,Intel i5-14600H,Intel Iris Xe,8,256,False,1.05,14.0,1767.35
HP,Envy 13,AMD Ryzen 5 8600H,NVIDIA RTX 4050,32,512,False,2.16,15.6,2224.9
HP,Envy 13,Intel i9-14900HK,NVIDIA RTX 4070,8,4096,False,3.47,18.4,3513.11
HP,Omen 15,Intel Core Ultra 7 15500H,NVIDIA RTX 4060,128,256,True,2.74,17.3,3383.33
HP,Pavilion 15,AMD Ryzen 5 8600H,NVIDIA RTX 3050,32,2048,False,2.22,16.0,2087.09
HP,Pavilion 15,Intel i7-14800H,NVIDIA RTX 4060,128,4096,False,3.08,17.3,3842.84
HP,EliteBook 840,Intel i9-14900HK,NVIDIA RTX 4070,128,2048,False,2.55,17.3,4437.75
HP,Envy 13,AMD Ryzen 7 8800H,NVIDIA RTX 4060,128,1024,False,3.05,17.3,3557.01
HP,Omen 15,Intel Core Ultra 7 15500H,NVIDIA RTX 4070,32,4096,False,1.17,13.3,3265.2
HP,Spectre x360,AMD Ryzen 9 8900HX,NVIDIA RTX 4070,64,1024,True,3.14,18.4,3900.62
HP,Omen 15,Intel i5-14500H,Intel Iris Xe,8,4096,True,1.26,13.3,2289.94
HP,Omen 15,Intel i5-14500H,NVIDIA RTX 4050,128,256,True,1.57,15.6,3274.87
HP,Envy 13,Intel i7-14700H,NVIDIA RTX 4060,32,2048,True,1.65,16.0,3072.56
HP,Pavilion 15,Intel i7-14700H,NVIDIA RTX 4070,8,256,True,2.99,17.3,2983.21
HP,Envy 13,Intel Core Ultra 7 15500H,NVIDIA RTX 4060,128,512,True,1.49,14.0,3409.4
HP,Envy 13,Intel i7-14700H,NVIDIA RTX 4070,16,4096,True,3.03,18.4,3353.63
HP,Envy 13,Intel i7-14800H,NVIDIA RTX 4070,16,256,True,1.87,15.6,3025.56
HP,Pavilion 15,AMD Ryzen 7 8800H,AMD Radeon 780M,8,4096,False,3.07,18.4,2665.63
HP,Spectre x360,Intel i9-14900HK,NVIDIA RTX 4070,128,2048,False,2.7,18.4,4427.07
HP,Envy 13,AMD Ryzen 7 8800H,NVIDIA RTX 4060,16,4096,True,3.36,18.4,3157.84
HP,Omen 15,Intel Core Ultra 9 15700H,NVIDIA RTX 4080,64,512,True,3.31,18.4,3571.19
HP,EliteBook 840,Intel i7-14800H,NVIDIA RTX 4080,64,4096,True,3.32,17.3,4204.4
HP,Spectre x360,AMD Ryzen 7 8800H,AMD Radeon 780M,8,2048,False,2.36,15.6,2422.2
HP,Envy 13,Intel i5-14500H,NVIDIA RTX 3050,128,2048,True,1.87,15.6,3121.67
HP,Spectre x360,Intel i7-14700H,NVIDIA RTX 4060,64,1024,True,2.89,17.3,3236.32
HP,Omen 15,AMD Ryzen 9 8900HX,AMD Radeon 780M,8,1024,False,2.14,16.0,2622.26
HP,Pavilion 15,AMD Ryzen 9 8900HX,AMD Radeon 780M,32,512,True,1.64,16.0,2896.18
HP,Spectre x360,Intel i5-14600H,NVIDIA RTX 4050,8,256,False,1.32,14.0,1907.81
HP,EliteBook 840,Intel i5-14600H,Intel Iris Xe,64,2048,False,3.45,18.4,2465.56
HP,Omen 15,AMD Ryzen 5 8600H,AMD Radeon 680M,8,256,True,1.93,16.0,1819.9
HP,Spectre x360,Intel i7-14700H,NVIDIA RTX 4060,8,1024,False,1.26,14.0,2667.99
HP,Omen 15,Intel i9-14900HK,NVIDIA RTX 4070,128,2048,False,1.01,13.3,4439.87
HP,Omen 15,Intel i5-14500H,NVIDIA RTX 3050,128,1024,True,2.57,17.3,3015.42
HP,EliteBook 840,Intel i5-14600H,Intel Iris Xe,128,512,True,1.84,16.0,2900.96
HP,EliteBook 840,Intel i5-14500H,NVIDIA RTX 4050,8,2048,True,1.54,15.6,2340.93
HP,Pavilion 15,Intel i9-14900HK,NVIDIA RTX 4070,16,4096,False,3.09,18.4,3684.57
HP,Spectre x360,AMD Ryzen 7 8800H,NVIDIA RTX 4060,128,2048,True,2.87,17.3,3884.04
HP,Envy 13,Intel i5-14600H,Intel Iris Xe,64,256,True,1.08,13.3,2449.18
HP,EliteBook 840,Intel i5-14500H,Intel Iris Xe,128,4096,False,1.38,14.0,3170.79
HP,Omen 15,Intel i9-14900HK,NVIDIA RTX 4080,128,256,False,1.78,16.0,4603.17
HP,Pavilion 15,Intel i7-14700H,NVIDIA RTX 4060,64,512,False,3.09,17.3,2995.2
HP,Pavilion 15,Intel i9-14900HK,NVIDIA RTX 4070,128,1024,False,1.43,13.3,4347.29
HP,Omen 15,Intel Core Ultra 7 15500H,Intel Arc A750M,32,512,True,2.57,18.4,2032.18
HP,Envy 13,Intel i9-14900HK,NVIDIA RTX 4080,32,512,True,2.34,15.6,4040.64
HP,Omen 15,AMD Ryzen 5 8600H,AMD Radeon 680M,16,4096,True,1.31,13.3,2367.9
HP,Pavilion 15,Intel i5-14500H,Intel Iris Xe,32,4096,True,2.64,17.3,2482.95
HP,Pavilion 15,AMD Ryzen 9 8900HX,NVIDIA RTX 4070,32,512,True,1.22,13.3,3691.84
HP,EliteBook 840,Intel i5-14600H,NVIDIA RTX 4050,64,4096,False,1.44,13.3,2826.25
HP,Envy 13,Intel Core Ultra 7 15500H,Intel Arc A750M,64,256,False,2.99,17.3,2108.03
HP,Pavilion 15,Intel i5-14600H,NVIDIA RTX 3050,128,4096,False,2.51,17.3,3177.92
HP,Spectre x360,Intel i7-14800H,NVIDIA RTX 4080,16,256,False,3.08,17.3,3302.78
HP,Spectre x360,Intel i5-14500H,NVIDIA RTX 3050,64,2048,False,3.35,18.4,2368.3
HP,Pavilion 15,Intel Core Ultra 9 15700H,NVIDIA RTX 4070,8,4096,True,1.25,13.3,3178.79
HP,Pavilion 15,AMD Ryzen 7 8800H,NVIDIA RTX 4060,64,1024,True,3.0,18.4,3127.63
HP,Omen 15,Intel Core Ultra 9 15700H,Intel Arc A750M,16,512,True,2.83,18.4,1774.77
HP,Spectre x360,Intel i7-14800H,NVIDIA RTX 4070,32,4096,False,2.81,17.3,3440.52
HP,Envy 13,Intel i7-14800H,NVIDIA RTX 4080,128,256,True,3.18,17.3,4513.88
HP,Pavilion 15,Intel i9-14900HK,NVIDIA RTX 4070,128,1024,False,1.07,13.3,4408.47
HP,Pavilion 15,Intel Core Ultra 9 15700H,NVIDIA RTX 4080,128,256,False,1.12,14.0,3965.31
HP,Envy 13,AMD Ryzen 9 8900HX,NVIDIA RTX 4070,128,1024,False,1.01,14.0,4403.62
HP,Envy 13,Intel Core Ultra 9 15700H,NVIDIA RTX 4080,32,4096,False,1.26,13.3,3673.33
HP,Omen 15,AMD Ryzen 7 8800H,NVIDIA RTX 4060,128,512,False,2.84,17.3,3624.04
HP,Spectre x360,Intel i5-14600H,NVIDIA RTX 3050,32,2048,False,1.25,13.3,2167.13
HP,EliteBook 840,AMD Ryzen 7 8800H,NVIDIA RTX 4060,64,256,True,3.28,17.3,3072.01
HP,Omen 15,Intel i5-14600H,NVIDIA RTX 4050,8,256,True,2.24,15.6,2084.74
HP,Omen 15,Intel i5-14600H,NVIDIA RTX 3050,16,2048,False,3.46,18.4,2003.75
HP,Envy 13,Intel i5-14500H,Intel Iris Xe,16,256,False,2.44,16.0,1788.54
HP,EliteBook 840,Intel Core Ultra 7 15500H,Intel Arc A750M,128,2048,True,1.19,14.0,2984.17
HP,Omen 15,Intel i5-14500H,NVIDIA RTX 4050,128,256,False,1.05,13.3,3156.87
HP,Envy 13,Intel Core Ultra 7 15500H,NVIDIA RTX 4060,64,1024,False,1.77,16.0,2818.85
HP,EliteBook 840,Intel Core Ultra 7 15500H,Intel Arc A750M,128,512,True,2.07,16.0,2862.98
HP,Pavilion 15,Intel Core Ultra 7 15500H,Intel Arc A750M,8,512,True,2.44,15.6,1778.55
HP,EliteBook 840,Intel i9-14900HK,NVIDIA RTX 4080,16,512,True,3.1,18.4,3847.28
HP,Spectre x360,AMD Ryzen 5 8600H,AMD Radeon 680M,8,1024,True,2.77,18.4,1956.77
HP,Omen 15,AMD Ryzen 5 8600H,NVIDIA RTX 4050,64,1024,True,3.11,17.3,2689.17
HP,Omen 15,AMD Ryzen 7 8800H,NVIDIA RTX 4060,32,256,True,2.19,16.0,2862.08
HP,Omen 15,Intel i7-14700H,NVIDIA RTX 4060,128,256,False,1.27,13.3,3625.62
HP,EliteBook 840,Intel i7-14700H,NVIDIA RTX 4060,16,1024,False,1.32,13.3,2544.86
HP,Envy 13,Intel i9-14900HK,NVIDIA RTX 4070,128,2048,False,2.05,15.6,4353.1
Lenovo,Legion 5,Intel i7-14800H,NVIDIA RTX 4060,32,1024,True,1.14,14.0,2909.87
Lenovo,Yoga Slim 7,Intel i5-14600H,Intel Iris Xe,32,2048,False,1.65,16.0,2080.05
Lenovo,ThinkBook 14s,Intel Core Ultra 7 15500H,Intel Arc A750M,16,512,False,3.35,18.4,1766.38
Lenovo,ThinkBook 14s,Intel i5-14600H,Intel Iris Xe,32,2048,True,1.04,14.0,2319.22
Lenovo,Legion 5,Intel Core Ultra 7 15500H,NVIDIA RTX 4070,8,2048,True,2.18,15.6,2888.95
Lenovo,Legion 5,Intel Core Ultra 7 15500H,Intel Arc A750M,128,256,True,2.07,16.0,2806.5
Lenovo,Legion 5,Intel i7-14800H,NVIDIA RTX 4080,64,1024,False,1.23,13.3,3953.3
Lenovo,ThinkBook 14s,Intel Core Ultra 9 15700H,NVIDIA RTX 4070,32,512,False,2.25,16.0,2770.85
Lenovo,ThinkBook 14s,Intel i5-14600H,NVIDIA RTX 4050,16,512,True,2.26,15.6,2245.59
Lenovo,IdeaPad 5,Intel Core Ultra 7 15500H,Intel Arc A750M,128,256,False,2.09,15.6,2658.19
Lenovo,IdeaPad 5,Intel Core Ultra 9 15700H,NVIDIA RTX 4080,128,2048,False,2.97,18.4,4216.63
Lenovo,Legion 5,Intel i7-14800H,NVIDIA RTX 4080,64,2048,True,3.32,17.3,4050.13
Lenovo,Yoga Slim 7,Intel i7-14800H,NVIDIA RTX 4080,128,256,True,2.25,15.6,4453.98
Lenovo,ThinkBook 14s,AMD Ryzen 5 8600H,NVIDIA RTX 4050,32,2048,False,2.12,16.0,2423.39
Lenovo,Yoga Slim 7,Intel i7-14800H,NVIDIA RTX 4060,64,256,True,2.99,18.4,3103.71
Lenovo,Yoga Slim 7,AMD Ryzen 7 8800H,NVIDIA RTX 4060,8,4096,False,2.46,16.0,2908.47
Lenovo,ThinkBook 14s,Intel i5-14600H,Intel Iris Xe,8,2048,False,2.6,18.4,1882.64
Lenovo,Yoga Slim 7,Intel Core Ultra 7 15500H,Intel Arc A750M,64,2048,True,1.21,13.3,2449.25
Lenovo,IdeaPad 5,Intel i5-14600H,Intel Iris Xe,128,1024,False,1.16,13.3,2969.8
Lenovo,ThinkPad X1 Carbon,Intel Core Ultra 9 15700H,Intel Arc A750M,64,4096,False,1.9,16.0,2490.22
Lenovo,ThinkPad X1 Carbon,Intel i9-14900HK,NVIDIA RTX 4080,16,256,False,2.98,17.3,3792.22
Lenovo,ThinkPad X1 Carbon,AMD Ryzen 5 8600H,NVIDIA RTX 4050,16,256,False,2.73,18.4,2138.79
Lenovo,ThinkPad X1 Carbon,AMD Ryzen 7 8800H,NVIDIA RTX 4070,8,1024,True,2.7,17.3,3033.74
Lenovo,ThinkPad X1 Carbon,Intel i5-14500H,Intel Iris Xe,8,256,False,1.03,14.0,1831.25
Lenovo,IdeaPad 5,Intel i9-14900HK,NVIDIA RTX 4070,32,512,False,2.1,16.0,3408.08
Lenovo,ThinkPad X1 Carbon,AMD Ryzen 9 8900HX,AMD Radeon 780M,64,4096,True,2.66,17.3,3552.86
Lenovo,Legion 5,AMD Ryzen 9 8900HX,AMD Radeon 780M,32,2048,False,2.22,16.0,2997.3
Lenovo,ThinkPad X1 Carbon,Intel i9-14900HK,NVIDIA RTX 4080,16,1024,False,1.03,13.3,3829.98
Lenovo,ThinkBook 14s,Intel Core Ultra 9 15700H,Intel Arc A750M,32,1024,True,2.31,15.6,2017.75
Lenovo,IdeaPad 5,Intel Core Ultra 9 15700H,NVIDIA RTX 4080,16,1024,True,1.31,13.3,3303.18
Lenovo,Legion 5,Intel i5-14600H,Intel Iris Xe,32,2048,False,1.47,13.3,2057.11
Lenovo,Yoga Slim 7,AMD Ryzen 5 8600H,NVIDIA RTX 3050,8,512,False,1.9,16.0,1730.88
Lenovo,Yoga Slim 7,Intel i5-14600H,NVIDIA RTX 3050,32,256,False,2.31,16.0,1958.12
Lenovo,ThinkBook 14s,Intel i7-14800H,NVIDIA RTX 4070,128,512,True,1.82,16.0,4112.8
Lenovo,Yoga Slim 7,Intel i7-14700H,NVIDIA RTX 4070,64,512,False,2.11,16.0,3410.07
Lenovo,ThinkPad X1 Carbon,Intel Core Ultra 9 15700H,Intel Arc A750M,64,256,True,3.45,17.3,2183.41
Lenovo,Legion 5,Intel Core Ultra 7 15500H,Intel Arc A750M,128,2048,False,1.51,16.0,2806.78
Lenovo,ThinkPad X1 Carbon,Intel Core Ultra 7 15500H,NVIDIA RTX 4060,64,4096,False,1.91,16.0,3186.39
Lenovo,IdeaPad 5,Intel i9-14900HK,NVIDIA RTX 4080,16,1024,False,1.44,14.0,3731.33
Lenovo,IdeaPad 5,AMD Ryzen 7 8800H,NVIDIA RTX 4070,32,1024,True,3.13,18.4,3239.97
Lenovo,ThinkBook 14s,Intel Core Ultra 9 15700H,NVIDIA RTX 4070,32,4096,False,2.98,18.4,3047.93
Lenovo,ThinkPad X1 Carbon,Intel i5-14500H,NVIDIA RTX 4050,128,256,True,2.16,15.6,3275.02
Lenovo,Yoga Slim 7,Intel i5-14500H,Intel Iris Xe,16,512,False,2.47,15.6,1782.11
Lenovo,Legion 5,Intel i7-14700H,NVIDIA RTX 4060,64,512,False,1.57,15.6,2993.65
Lenovo,IdeaPad 5,Intel i5-14600H,NVIDIA RTX 4050,32,2048,False,1.34,13.3,2436.32
Lenovo,IdeaPad 5,Intel i7-14700H,NVIDIA RTX 4070,64,2048,True,3.15,18.4,3671.96
Lenovo,Legion 5,Intel i7-14700H,NVIDIA RTX 4070,128,512,True,1.1,14.0,4066.26
Lenovo,Legion 5,Intel i7-14800H,NVIDIA RTX 4060,128,512,False,3.24,18.4,3632.55
Lenovo,IdeaPad 5,AMD Ryzen 9 8900HX,NVIDIA RTX 4080,16,1024,False,3.39,17.3,3669.1
Lenovo,ThinkBook 14s,Intel i5-14600H,NVIDIA RTX 4050,32,512,False,1.13,14.0,2364.41
Lenovo,Legion 5,AMD Ryzen 5 8600H,NVIDIA RTX 4050,16,4096,True,1.86,15.6,2627.34
Lenovo,ThinkPad X1 Carbon,Intel i9-14900HK,NVIDIA RTX 4070,8,512,False,1.69,16.0,3206.43
Lenovo,ThinkPad X1 Carbon,AMD Ryzen 9 8900HX,NVIDIA RTX 4070,8,1024,True,3.33,18.4,3432.32
Lenovo,ThinkPad X1 Carbon,AMD Ryzen 9 8900HX,NVIDIA RTX 4080,32,4096,True,1.24,13.3,4537.6
Lenovo,Yoga Slim 7,AMD Ryzen 9 8900HX,NVIDIA RTX 4070,16,4096,False,2.82,17.3,3684.54
Lenovo,ThinkPad X1 Carbon,Intel i7-14700H,NVIDIA RTX 4070,128,1024,True,1.36,13.3,4077.14
Lenovo,ThinkBook 14s,AMD Ryzen 7 8800H,AMD Radeon 780M,128,2048,False,1.33,13.3,3415.71
Lenovo,ThinkBook 14s,Intel Core Ultra 7 15500H,Intel Arc A750M,32,4096,True,2.46,15.6,2347.36
Lenovo,ThinkPad X1 Carbon,Intel Core Ultra 9 15700H,NVIDIA RTX 4070,128,1024,True,1.34,13.3,3713.79
Lenovo,ThinkBook 14s,Intel i9-14900HK,NVIDIA RTX 4070,128,1024,False,1.01,14.0,4323.39
Lenovo,Yoga Slim 7,Intel Core Ultra 7 15500H,NVIDIA RTX 4070,16,4096,False,1.29,13.3,3013.41
Lenovo,Legion 5,Intel i7-14800H,NVIDIA RTX 4070,8,256,True,2.71,18.4,2930.83
Lenovo,Legion 5,AMD Ryzen 5 8600H,NVIDIA RTX 3050,64,2048,True,1.2,14.0,2571.54
Lenovo,Legion 5,Intel Core Ultra 9 15700H,NVIDIA RTX 4070,8,2048,False,1.89,15.6,2726.99
Lenovo,ThinkBook 14s,Intel i9-14900HK,NVIDIA RTX 4080,64,4096,True,2.49,15.6,4728.59
Lenovo,IdeaPad 5,AMD Ryzen 5 8600H,NVIDIA RTX 3050,64,1024,True,1.21,13.3,2538.02
Lenovo,ThinkBook 14s,Intel i5-14500H,NVIDIA RTX 3050,8,256,True,2.64,18.4,1881.28
Lenovo,ThinkPad X1 Carbon,AMD Ryzen 9 8900HX,AMD Radeon 780M,32,512,False,1.46,14.0,2820.98
Lenovo,ThinkBook 14s,AMD Ryzen 9 8900HX,NVIDIA RTX 4080,128,1024,True,1.34,13.3,4909.3
Lenovo,Yoga Slim 7,Intel i7-14700H,NVIDIA RTX 4070,8,1024,True,1.21,14.0,3042.92
Lenovo,ThinkBook 14s,Intel i5-14500H,Intel Iris Xe,16,256,True,1.37,13.3,1862.13
Lenovo,ThinkBook 14s,Intel i5-14500H,NVIDIA RTX 4050,16,1024,False,2.46,15.6,2140.5
Lenovo,Legion 5,Intel i9-14900HK,NVIDIA RTX 4070,32,1024,False,1.39,13.3,3400.86
Lenovo,IdeaPad 5,Intel Core Ultra 9 15700H,NVIDIA RTX 4070,32,512,False,1.48,14.0,2726.23
Lenovo,ThinkBook 14s,AMD Ryzen 5 8600H,NVIDIA RTX 4050,128,1024,True,2.56,17.3,3323.16
Lenovo,IdeaPad 5,Intel i7-14700H,NVIDIA RTX 4060,32,4096,False,2.95,18.4,3152.86
Lenovo,ThinkPad X1 Carbon,AMD Ryzen 9 8900HX,NVIDIA RTX 4080,128,1024,True,1.28,14.0,4965.29
Lenovo,IdeaPad 5,AMD Ryzen 9 8900HX,AMD Radeon 780M,128,1024,True,3.37,17.3,3918.94
Lenovo,ThinkPad X1 Carbon,Intel i5-14600H,Intel Iris Xe,16,2048,True,2.83,18.4,2143.6
Lenovo,Yoga Slim 7,Intel i9-14900HK,NVIDIA RTX 4080,64,1024,True,1.46,13.3,4247.35
Lenovo,Legion 5,Intel Core Ultra 9 15700H,NVIDIA RTX 4070,128,2048,True,1.3,14.0,3872.25
Lenovo,IdeaPad 5,Intel i9-14900HK,NVIDIA RTX 4070,32,256,True,1.4,13.3,3515.86
Lenovo,ThinkBook 14s,Intel i5-14500H,NVIDIA RTX 4050,128,1024,True,1.09,13.3,3340.72
Lenovo,ThinkBook 14s,Intel i5-14500H,NVIDIA RTX 3050,8,2048,True,1.3,13.3,2005.19
Lenovo,Yoga Slim 7,Intel i5-14600H,NVIDIA RTX 4050,64,512,False,2.33,15.6,2491.43
Lenovo,IdeaPad 5,Intel i5-14600H,NVIDIA RTX 4050,8,256,False,1.55,16.0,1997.26
Lenovo,Legion 5,Intel i7-14700H,NVIDIA RTX 4070,128,512,True,1.27,13.3,4059.69
Lenovo,Legion 5,Intel Core Ultra 9 15700H,Intel Arc A750M,32,2048,False,1.4,13.3,1968.71
Lenovo,ThinkBook 14s,Intel i9-14900HK,NVIDIA RTX 4070,16,512,False,2.14,15.6,3283.9
Lenovo,Legion 5,Intel i5-14600H,NVIDIA RTX 4050,16,256,False,3.07,17.3,2102.5
Lenovo,IdeaPad 5,Intel i5-14600H,NVIDIA RTX 4050,64,1024,True,1.95,16.0,2730.36
Lenovo,Yoga Slim 7,AMD Ryzen 9 8900HX,NVIDIA RTX 4070,64,2048,True,1.44,14.0,4039.16
Lenovo,Legion 5,AMD Ryzen 9 8900HX,AMD Radeon 780M,16,256,False,1.28,13.3,2722.12
Lenovo,ThinkPad X1 Carbon,Intel Core Ultra 7 15500H,NVIDIA RTX 4060,128,4096,False,3.3,17.3,3644.44
Lenovo,Yoga Slim 7,Intel i7-14800H,NVIDIA RTX 4080,32,512,True,1.86,15.6,3547.69
Lenovo,ThinkBook 14s,Intel i9-14900HK,NVIDIA RTX 4080,8,2048,False,2.55,17.3,3793.96
Lenovo,Yoga Slim 7,Intel i7-14800H,NVIDIA RTX 4070,128,256,True,3.35,17.3,4084.06
Lenovo,Legion 5,AMD Ryzen 7 8800H,NVIDIA RTX 4070,64,512,True,3.42,18.4,3505.57
Lenovo,Yoga Slim 7,Intel i7-14800H,NVIDIA RTX 4060,8,256,True,2.96,17.3,2587.23
Lenovo,ThinkPad X1 Carbon,Intel i5-14500H,Intel Iris Xe,8,2048,True,2.65,17.3,2074.99
Lenovo,Yoga Slim 7,Intel i5-14600H,NVIDIA RTX 4050,16,4096,True,1.13,14.0,2614.4
Lenovo,Legion 5,Intel i5-14600H,NVIDIA RTX 3050,32,1024,True,2.74,17.3,2170.9
Lenovo,IdeaPad 5,AMD Ryzen 7 8800H,AMD Radeon 780M,64,4096,True,1.05,13.3,3378.27
Lenovo,Yoga Slim 7,AMD Ryzen 5 8600H,NVIDIA RTX 3050,128,2048,False,1.82,16.0,2937.39
Lenovo,Yoga Slim 7,Intel i5-14500H,NVIDIA RTX 4050,32,2048,False,1.04,13.3,2444.82
Lenovo,ThinkBook 14s,Intel i9-14900HK,NVIDIA RTX 4070,8,512,False,3.1,17.3,3232.86
Lenovo,Yoga Slim 7,Intel Core Ultra 7 15500H,NVIDIA RTX 4070,64,256,False,1.23,13.3,3052.88
Lenovo,Legion 5,AMD Ryzen 5 8600H,AMD Radeon 680M,16,2048,False,3.03,17.3,2026.36
Lenovo,IdeaPad 5,Intel i7-14800H,NVIDIA RTX 4070,128,256,False,1.33,13.3,3846.75
Lenovo,Legion 5,Intel Core Ultra 7 15500H,Intel Arc A750M,64,1024,False,2.41,15.6,2196.4
Lenovo,ThinkPad X1 Carbon,AMD Ryzen 5 8600H,NVIDIA RTX 4050,32,1024,False,2.38,15.6,2333.95
Lenovo,ThinkPad X1 Carbon,AMD Ryzen 5 8600H,NVIDIA RTX 3050,128,4096,False,3.33,18.4,3248.43
Lenovo,ThinkPad X1 Carbon,Intel i5-14600H,Intel Iris Xe,32,512,False,1.62,16.0,1951.38
Lenovo,Legion 5,Intel i5-14500H,NVIDIA RTX 4050,8,4096,False,2.64,17.3,2441.2
Lenovo,IdeaPad 5,Intel Core Ultra 9 15700H,NVIDIA RTX 4070,8,2048,True,1.63,16.0,2835.66
Lenovo,Yoga Slim 7,Intel i5-14600H,Intel Iris Xe,64,512,True,1.35,13.3,2286.45
Lenovo,IdeaPad 5,Intel i9-14900HK,NVIDIA RTX 4070,32,256,True,2.18,15.6,3483.96
Lenovo,Legion 5,Intel i5-14600H,NVIDIA RTX 4050,64,1024,True,2.17,16.0,2767.03
Lenovo,Yoga Slim 7,Intel i5-14500H,Intel Iris Xe,64,256,True,3.0,18.4,2357.22
Lenovo,ThinkBook 14s,Intel Core Ultra 9 15700H,Intel Arc A750M,128,256,False,3.46,17.3,2623.24
Lenovo,Legion 5,AMD Ryzen 7 8800H,NVIDIA RTX 4060,32,512,False,1.04,14.0,2719.78
Lenovo,ThinkBook 14s,Intel Core Ultra 7 15500H,Intel Arc A750M,16,512,True,1.55,16.0,1877.43
Lenovo,ThinkBook 14s,Intel Core Ultra 9 15700H,NVIDIA RTX 4080,32,256,True,1.86,16.0,3203.35
Lenovo,Yoga Slim 7,AMD Ryzen 5 8600H,NVIDIA RTX 3050,128,2048,True,1.47,14.0,3020.98
Lenovo,Legion 5,Intel i7-14800H,NVIDIA RTX 4080,32,512,False,1.37,13.3,3456.78
Lenovo,Yoga Slim 7,Intel i7-14700H,NVIDIA RTX 4060,64,512,True,2.98,17.3,3061.35
Lenovo,ThinkBook 14s,Intel i5-14500H,NVIDIA RTX 4050,16,4096,False,1.43,13.3,2444.22
Lenovo,IdeaPad 5,Intel i5-14600H,NVIDIA RTX 3050,16,256,True,1.92,16.0,1917.38
Lenovo,Legion 5,Intel i7-14800H,NVIDIA RTX 4080,128,512,True,1.2,14.0,4569.0
Lenovo,Legion 5,Intel Core Ultra 7 15500H,Intel Arc A750M,64,512,True,2.01,16.0,2266.87
Lenovo,Yoga Slim 7,Intel i7-14800H,NVIDIA RTX 4070,16,4096,False,1.04,14.0,3343.33
Lenovo,ThinkBook 14s,Intel i5-14600H,NVIDIA RTX 3050,16,4096,False,1.52,15.6,2260.75
Lenovo,ThinkBook 14s,AMD Ryzen 9 8900HX,NVIDIA RTX 4070,128,512,True,1.02,14.0,4409.69
Lenovo,IdeaPad 5,AMD Ryzen 7 8800H,AMD Radeon 780M,8,2048,False,1.44,14.0,2374.1
Lenovo,Yoga Slim 7,Intel i5-14600H,NVIDIA RTX 4050,16,1024,False,1.27,14.0,2241.98
Lenovo,ThinkPad X1 Carbon,Intel Core Ultra 9 15700H,Intel Arc A750M,128,512,False,2.46,16.0,2717.08
Lenovo,ThinkPad X1 Carbon,Intel Core Ultra 9 15700H,NVIDIA RTX 4080,128,4096,True,2.57,17.3,4522.66
Lenovo,ThinkBook 14s,Intel i5-14600H,NVIDIA RTX 4050,32,1024,False,2.49,16.0,2331.67
Lenovo,ThinkBook 14s,Intel i7-14800H,NVIDIA RTX 4070,64,512,False,1.27,14.0,3447.82
Lenovo,ThinkPad X1 Carbon,Intel Core Ultra 7 15500H,Intel Arc A750M,8,1024,False,1.47,14.0,1688.01
Lenovo,Legion 5,AMD Ryzen 5 8600H,NVIDIA RTX 4050,16,4096,True,1.64,15.6,2690.35
Lenovo,Yoga Slim 7,Intel Core Ultra 7 15500H,NVIDIA RTX 4070,16,256,True,2.01,15.6,2674.8
Lenovo,Legion 5,Intel Core Ultra 7 15500H,Intel Arc A750M,32,1024,False,3.03,17.3,1942.98
Lenovo,IdeaPad 5,AMD Ryzen 7 8800H,NVIDIA RTX 4070,8,1024,True,1.06,13.3,3195.23
Lenovo,Legion 5,AMD Ryzen 9 8900HX,NVIDIA RTX 4080,128,256,False,2.04,16.0,4749.07
Lenovo,Yoga Slim 7,Intel i7-14800H,NVIDIA RTX 4080,64,4096,True,2.79,18.4,4258.49
Lenovo,Yoga Slim 7,Intel Core Ultra 9 15700H,NVIDIA RTX 4070,16,2048,True,2.69,18.4,2925.79
Lenovo,Legion 5,AMD Ryzen 9 8900HX,NVIDIA RTX 4070,8,4096,True,2.89,18.4,3640.11
Lenovo,Yoga Slim 7,Intel i5-14600H,NVIDIA RTX 3050,32,256,False,1.42,13.3,1947.15
Lenovo,ThinkBook 14s,Intel i7-14800H,NVIDIA RTX 4080,64,256,True,2.33,15.6,3979.71
Lenovo,IdeaPad 5,Intel i5-14600H,NVIDIA RTX 3050,32,256,False,1.42,14.0,1909.41
Lenovo,ThinkBook 14s,AMD Ryzen 7 8800H,NVIDIA RTX 4070,32,256,True,2.01,16.0,3234.25
Lenovo,Legion 5,Intel Core Ultra 9 15700H,Intel Arc A750M,64,4096,False,2.58,17.3,2589.21
Lenovo,ThinkPad X1 Carbon,Intel i7-14700H,NVIDIA RTX 4070,8,2048,False,2.46,15.6,3011.65
Lenovo,IdeaPad 5,Intel i5-14600H,NVIDIA RTX 4050,32,512,False,1.58,16.0,2219.49
Lenovo,ThinkBook 14s,AMD Ryzen 9 8900HX,NVIDIA RTX 4070,32,1024,True,2.8,17.3,3671.22
Lenovo,IdeaPad 5,Intel i5-14500H,NVIDIA RTX 4050,8,512,False,1.02,14.0,2045.19
Lenovo,ThinkBook 14s,Intel i7-14800H,NVIDIA RTX 4070,128,256,True,1.79,16.0,4037.19
Lenovo,Yoga Slim 7,Intel i5-14500H,NVIDIA RTX 3050,16,2048,True,1.9,16.0,2100.88
Lenovo,IdeaPad 5,Intel i7-14800H,NVIDIA RTX 4070,8,2048,False,1.49,14.0,2989.89
Lenovo,Legion 5,Intel i9-14900HK,NVIDIA RTX 4080,128,512,True,3.26,18.4,4777.3
Lenovo,Yoga Slim 7,Intel i5-14500H,NVIDIA RTX 4050,8,512,False,1.48,13.3,1984.87
Lenovo,ThinkPad X1 Carbon,AMD Ryzen 5 8600H,AMD Radeon 680M,64,4096,False,2.03,16.0,2617.4
Lenovo,ThinkPad X1 Carbon,Intel i9-14900HK,NVIDIA RTX 4070,64,512,True,1.27,13.3,3891.99
Lenovo,Yoga Slim 7,AMD Ryzen 7 8800H,NVIDIA RTX 4060,64,256,False,1.29,14.0,3048.21
Lenovo,ThinkPad X1 Carbon,Intel i5-14500H,NVIDIA RTX 3050,128,512,False,1.8,15.6,2812.58
Lenovo,Legion 5,Intel Core Ultra 7 15500H,NVIDIA RTX 4060,8,4096,True,2.57,17.3,2657.37
Lenovo,ThinkPad X1 Carbon,Intel i9-14900HK,NVIDIA RTX 4070,128,512,True,2.33,15.6,4519.33
Lenovo,Legion 5,Intel i5-14600H,Intel Iris Xe,8,4096,False,1.1,13.3,2211.57
Lenovo,IdeaPad 5,Intel i9-14900HK,NVIDIA RTX 4080,128,256,True,3.01,18.4,4734.65
Lenovo,ThinkBook 14s,Intel i7-14700H,NVIDIA RTX 4060,16,1024,False,1.08,14.0,2744.73
Lenovo,Legion 5,Intel Core Ultra 9 15700H,NVIDIA RTX 4080,8,1024,False,2.7,18.4,2995.24
Lenovo,IdeaPad 5,Intel i7-14800H,NVIDIA RTX 4080,32,512,True,3.2,18.4,3540.99
Lenovo,ThinkPad X1 Carbon,Intel Core Ultra 9 15700H,NVIDIA RTX 4070,8,512,False,2.86,18.4,2497.85
Microsoft,Surface Go 3,Intel i7-14700H,NVIDIA RTX 4060,8,4096,True,2.47,16.0,2983.41
Microsoft,Surface Laptop 5,Intel Core Ultra 7 15500H,Intel Arc A750M,64,2048,False,2.75,17.3,2291.77
Microsoft,Surface Pro 8,AMD Ryzen 5 8600H,NVIDIA RTX 4050,32,512,False,1.03,13.3,2361.45
Microsoft,Surface Book 3,Intel Core Ultra 9 15700H,NVIDIA RTX 4080,32,512,False,2.63,17.3,3145.71
Microsoft,Surface Laptop Studio,Intel Core Ultra 9 15700H,NVIDIA RTX 4070,8,512,True,2.68,17.3,2666.11
Microsoft,Surface Book 3,Intel i7-14800H,NVIDIA RTX 4080,32,256,True,1.85,15.6,3564.4
Microsoft,Surface Go 3,Intel i5-14600H,NVIDIA RTX 3050,32,4096,True,1.06,13.3,2511.62
Microsoft,Surface Book 3,Intel Core Ultra 7 15500H,NVIDIA RTX 4060,64,2048,True,1.12,13.3,3010.76
Microsoft,Surface Pro 8,Intel i5-14600H,NVIDIA RTX 3050,64,4096,False,1.31,14.0,2673.26
Microsoft,Surface Pro 8,Intel i9-14900HK,NVIDIA RTX 4080,8,4096,False,2.43,16.0,3922.48
Microsoft,Surface Laptop 5,Intel i7-14700H,NVIDIA RTX 4060,16,512,True,3.06,18.4,2739.94
Microsoft,Surface Laptop Studio,Intel i7-14800H,NVIDIA RTX 4080,8,1024,False,1.25,13.3,3455.28
Microsoft,Surface Laptop Studio,Intel i5-14500H,Intel Iris Xe,16,2048,False,3.04,17.3,1971.23
Microsoft,Surface Laptop Studio,AMD Ryzen 9 8900HX,NVIDIA RTX 4080,16,512,True,1.88,15.6,3887.97
Microsoft,Surface Laptop Studio,AMD Ryzen 5 8600H,AMD Radeon 680M,64,4096,True,2.3,16.0,2824.28
Microsoft,Surface Laptop Studio,Intel i5-14600H,NVIDIA RTX 4050,128,256,False,3.02,18.4,3057.31
Microsoft,Surface Laptop Studio,Intel Core Ultra 9 15700H,NVIDIA RTX 4070,16,4096,True,1.37,13.3,3022.81
Microsoft,Surface Go 3,AMD Ryzen 5 8600H,NVIDIA RTX 3050,16,2048,True,1.18,14.0,2131.81
Microsoft,Surface Laptop 5,AMD Ryzen 7 8800H,NVIDIA RTX 4060,8,2048,False,2.69,17.3,2634.05
Microsoft,Surface Go 3,Intel Core Ultra 9 15700H,Intel Arc A750M,8,2048,False,3.1,17.3,1843.23
Microsoft,Surface Pro 8,AMD Ryzen 5 8600H,NVIDIA RTX 4050,32,512,True,2.14,16.0,2342.74
Microsoft,Surface Go 3,AMD Ryzen 5 8600H,AMD Radeon 680M,64,2048,True,1.56,15.6,2535.49
Microsoft,Surface Book 3,AMD Ryzen 9 8900HX,NVIDIA RTX 4070,128,256,False,1.96,15.6,4287.32
Microsoft,Surface Pro 8,Intel i5-14500H,NVIDIA RTX 4050,8,256,False,1.19,13.3,2012.15
Microsoft,Surface Laptop Studio,Intel Core Ultra 7 15500H,NVIDIA RTX 4060,32,1024,False,1.75,16.0,2502.6
Microsoft,Surface Laptop Studio,AMD Ryzen 5 8600H,NVIDIA RTX 4050,128,2048,False,1.23,13.3,3275.38
Microsoft,Surface Laptop Studio,Intel i9-14900HK,NVIDIA RTX 4080,8,2048,False,2.28,16.0,3793.72
Microsoft,Surface Book 3,Intel i7-14800H,NVIDIA RTX 4070,32,1024,True,2.46,15.6,3231.35
Microsoft,Surface Pro 8,AMD Ryzen 7 8800H,NVIDIA RTX 4060,8,2048,True,3.49,18.4,2780.81
Microsoft,Surface Go 3,Intel i5-14500H,Intel Iris Xe,32,256,True,2.39,16.0,2078.9
Microsoft,Surface Laptop Studio,Intel i7-14800H,NVIDIA RTX 4080,8,256,False,1.55,16.0,3352.05
Microsoft,Surface Laptop Studio,AMD Ryzen 5 8600H,AMD Radeon 680M,32,2048,False,1.28,14.0,2213.58
Microsoft,Surface Go 3,AMD Ryzen 7 8800H,NVIDIA RTX 4060,16,4096,True,2.37,15.6,3165.98
Microsoft,Surface Laptop Studio,Intel Core Ultra 7 15500H,Intel Arc A750M,64,2048,False,2.65,17.3,2292.47
Microsoft,Surface Book 3,Intel i7-14700H,NVIDIA RTX 4060,8,2048,True,1.94,15.6,2829.37
Microsoft,Surface Pro 8,AMD Ryzen 5 8600H,AMD Radeon 680M,32,4096,True,1.25,14.0,2491.25
Microsoft,Surface Book 3,AMD Ryzen 7 8800H,NVIDIA RTX 4060,64,2048,False,2.1,16.0,3220.27
Microsoft,Surface Go 3,Intel i5-14500H,NVIDIA RTX 4050,16,256,True,1.76,15.6,2160.41
Microsoft,Surface Book 3,Intel i5-14600H,NVIDIA RTX 4050,8,1024,True,1.8,15.6,2231.52
Microsoft,Surface Pro 8,Intel i9-14900HK,NVIDIA RTX 4070,8,512,False,1.55,16.0,3260.02
Microsoft,Surface Book 3,Intel i5-14600H,Intel Iris Xe,64,2048,False,2.0,16.0,2473.66
Microsoft,Surface Go 3,Intel i5-14500H,Intel Iris Xe,128,2048,False,2.76,17.3,2988.16
Microsoft,Surface Book 3,AMD Ryzen 7 8800H,NVIDIA RTX 4060,16,256,True,2.45,15.6,2713.29
Microsoft,Surface Laptop Studio,Intel i5-14600H,Intel Iris Xe,64,512,False,1.19,13.3,2370.83
Microsoft,Surface Laptop 5,Intel i7-14800H,NVIDIA RTX 4070,32,2048,True,1.91,16.0,3419.21
Microsoft,Surface Book 3,AMD Ryzen 7 8800H,NVIDIA RTX 4060,64,256,True,3.42,18.4,3129.99
Microsoft,Surface Laptop 5,AMD Ryzen 5 8600H,NVIDIA RTX 4050,64,4096,True,1.64,16.0,3112.69
Microsoft,Surface Pro 8,Intel i9-14900HK,NVIDIA RTX 4070,128,4096,True,3.27,18.4,4861.0
Microsoft,Surface Book 3,Intel i7-14800H,NVIDIA RTX 4060,16,512,True,1.83,15.6,2703.54
Microsoft,Surface Pro 8,AMD Ryzen 9 8900HX,AMD Radeon 780M,8,2048,False,1.19,14.0,2718.15
Microsoft,Surface Laptop Studio,Intel Core Ultra 7 15500H,NVIDIA RTX 4070,128,512,True,1.72,15.6,3769.96
Microsoft,Surface Laptop 5,AMD Ryzen 7 8800H,NVIDIA RTX 4060,32,512,True,2.12,15.6,2917.62
Microsoft,Surface Go 3,Intel i7-14800H,NVIDIA RTX 4060,32,256,True,1.06,13.3,2844.84
Microsoft,Surface Go 3,AMD Ryzen 9 8900HX,NVIDIA RTX 4080,16,4096,False,2.87,17.3,4169.09
Microsoft,Surface Laptop Studio,Intel Core Ultra 9 15700H,Intel Arc A750M,64,2048,False,1.35,14.0,2226.44
Microsoft,Surface Pro 8,AMD Ryzen 7 8800H,NVIDIA RTX 4060,32,256,True,2.46,16.0,2890.95
Microsoft,Surface Book 3,Intel i7-14700H,NVIDIA RTX 4070,8,4096,False,1.28,14.0,3362.62
Microsoft,Surface Laptop 5,AMD Ryzen 9 8900HX,AMD Radeon 780M,128,1024,False,2.45,16.0,3751.34
Microsoft,Surface Pro 8,Intel Core Ultra 7 15500H,NVIDIA RTX 4070,64,4096,False,1.33,13.3,3322.42
Microsoft,Surface Laptop Studio,Intel i7-14800H,NVIDIA RTX 4080,64,512,True,1.24,14.0,4037.79
Microsoft,Surface Pro 8,Intel i9-14900HK,NVIDIA RTX 4070,64,256,True,2.47,16.0,3899.11
Microsoft,Surface Go 3,AMD Ryzen 9 8900HX,AMD Radeon 780M,64,2048,True,2.15,16.0,3446.54
Microsoft,Surface Go 3,AMD Ryzen 9 8900HX,NVIDIA RTX 4070,8,256,True,1.44,14.0,3164.84
Microsoft,Surface Pro 8,Intel i9-14900HK,NVIDIA RTX 4080,128,1024,False,2.75,18.4,4897.29
Microsoft,Surface Laptop 5,AMD Ryzen 9 8900HX,NVIDIA RTX 4080,128,256,True,1.49,14.0,4630.23
Microsoft,Surface Laptop Studio,Intel i7-14800H,NVIDIA RTX 4060,16,1024,True,1.12,13.3,2838.78
Microsoft,Surface Pro 8,AMD Ryzen 9 8900HX,NVIDIA RTX 4080,32,1024,True,2.52,18.4,4041.9
Microsoft,Surface Book 3,AMD Ryzen 9 8900HX,NVIDIA RTX 4080,128,512,True,1.06,13.3,4902.98
Microsoft,Surface Book 3,Intel i7-14700H,NVIDIA RTX 4070,32,4096,True,2.8,18.4,3639.63
Microsoft,Surface Pro 8,Intel i9-14900HK,NVIDIA RTX 4080,32,2048,False,1.09,14.0,4105.26
Microsoft,Surface Laptop Studio,Intel i9-14900HK,NVIDIA RTX 4070,128,512,False,1.43,13.3,4104.45
Microsoft,Surface Go 3,AMD Ryzen 7 8800H,AMD Radeon 780M,64,1024,True,1.19,14.0,2967.95
Microsoft,Surface Book 3,Intel i7-14800H,NVIDIA RTX 4060,128,1024,True,1.84,15.6,3824.57
Microsoft,Surface Laptop 5,Intel i9-14900HK,NVIDIA RTX 4080,16,1024,True,1.08,13.3,3915.87
Microsoft,Surface Laptop Studio,AMD Ryzen 7 8800H,AMD Radeon 780M,64,256,True,1.61,15.6,2929.53
Microsoft,Surface Book 3,Intel i5-14600H,Intel Iris Xe,8,1024,False,2.93,17.3,1776.57
Microsoft,Surface Go 3,AMD Ryzen 5 8600H,NVIDIA RTX 3050,8,256,False,1.9,15.6,1715.57
Microsoft,Surface Laptop 5,AMD Ryzen 9 8900HX,NVIDIA RTX 4080,8,1024,False,2.94,18.4,3792.02
Microsoft,Surface Laptop Studio,Intel i5-14600H,NVIDIA RTX 4050,32,512,False,1.96,15.6,2232.48
Microsoft,Surface Book 3,AMD Ryzen 7 8800H,AMD Radeon 780M,128,2048,True,1.06,14.0,3647.44
Microsoft,Surface Go 3,Intel i7-14700H,NVIDIA RTX 4070,8,1024,False,1.73,16.0,2998.13
Microsoft,Surface Book 3,AMD Ryzen 7 8800H,AMD Radeon 780M,32,256,False,2.72,18.4,2430.89
Microsoft,Surface Pro 8,Intel i7-14700H,NVIDIA RTX 4070,8,512,False,1.36,14.0,2819.28
Microsoft,Surface Go 3,Intel i9-14900HK,NVIDIA RTX 4070,64,256,True,2.5,16.0,3818.79
Microsoft,Surface Book 3,Intel i9-14900HK,NVIDIA RTX 4070,64,256,True,1.18,13.3,3717.17
Microsoft,Surface Go 3,Intel i5-14500H,NVIDIA RTX 3050,128,256,True,2.97,18.4,2821.59
Microsoft,Surface Go 3,Intel i9-14900HK,NVIDIA RTX 4070,64,4096,False,1.61,16.0,4059.48
Microsoft,Surface Book 3,AMD Ryzen 5 8600H,NVIDIA RTX 4050,16,4096,True,2.08,15.6,2664.75
Microsoft,Surface Pro 8,Intel Core Ultra 9 15700H,NVIDIA RTX 4080,16,512,False,1.94,15.6,2989.26
Microsoft,Surface Go 3,Intel i9-14900HK,NVIDIA RTX 4070,128,256,True,3.29,17.3,4312.54
Microsoft,Surface Book 3,AMD Ryzen 5 8600H,NVIDIA RTX 4050,32,512,False,2.21,15.6,2231.17
Microsoft,Surface Laptop Studio,AMD Ryzen 5 8600H,NVIDIA RTX 3050,16,1024,False,1.17,14.0,1921.42
Microsoft,Surface Laptop 5,Intel Core Ultra 7 15500H,Intel Arc A750M,64,1024,True,1.62,16.0,2334.83
Microsoft,Surface Laptop Studio,AMD Ryzen 7 8800H,AMD Radeon 780M,128,256,False,3.18,18.4,3283.63
Microsoft,Surface Book 3,AMD Ryzen 7 8800H,NVIDIA RTX 4070,128,1024,True,3.14,17.3,4087.17
Microsoft,Surface Laptop Studio,Intel i7-14800H,NVIDIA RTX 4080,64,256,False,1.94,15.6,3787.1
Microsoft,Surface Laptop Studio,Intel Core Ultra 7 15500H,NVIDIA RTX 4060,16,1024,False,2.65,17.3,2265.42
Microsoft,Surface Laptop 5,Intel i5-14600H,NVIDIA RTX 3050,32,512,True,2.57,17.3,2075.89
Microsoft,Surface Go 3,Intel i7-14700H,NVIDIA RTX 4070,8,256,False,3.28,17.3,2865.15
Microsoft,Surface Book 3,Intel i5-14600H,NVIDIA RTX 3050,8,512,False,2.48,16.0,1719.77
Microsoft,Surface Book 3,Intel i7-14700H,NVIDIA RTX 4070,128,2048,True,1.94,16.0,4280.35
Microsoft,Surface Book 3,AMD Ryzen 7 8800H,NVIDIA RTX 4070,32,4096,False,3.31,18.4,3441.44
Microsoft,Surface Book 3,Intel i5-14600H,NVIDIA RTX 3050,64,256,False,1.61,15.6,2233.51
Microsoft,Surface Book 3,Intel i9-14900HK,NVIDIA RTX 4080,16,256,False,3.32,17.3,3601.7
Microsoft,Surface Pro 8,AMD Ryzen 7 8800H,AMD Radeon 780M,8,4096,True,2.81,17.3,2691.86
Microsoft,Surface Laptop 5,Intel i5-14500H,NVIDIA RTX 3050,32,2048,False,2.41,15.6,2148.45
Microsoft,Surface Pro 8,Intel i7-14800H,NVIDIA RTX 4080,64,1024,False,1.41,13.3,3793.31
Microsoft,Surface Pro 8,AMD Ryzen 7 8800H,NVIDIA RTX 4070,32,512,False,2.11,16.0,2971.56
Microsoft,Surface Laptop 5,Intel Core Ultra 7 15500H,NVIDIA RTX 4070,16,512,False,1.07,13.3,2588.71
Microsoft,Surface Laptop Studio,Intel i7-14700H,NVIDIA RTX 4060,32,512,False,1.45,13.3,2628.21
Microsoft,Surface Laptop Studio,Intel i7-14800H,NVIDIA RTX 4080,16,2048,True,2.11,16.0,3679.47
Microsoft,Surface Go 3,Intel Core Ultra 7 15500H,Intel Arc A750M,128,4096,True,3.28,17.3,3207.45
Microsoft,Surface Go 3,Intel i5-14600H,NVIDIA RTX 4050,16,1024,True,1.99,15.6,2337.67
Microsoft,Surface Pro 8,AMD Ryzen 7 8800H,AMD Radeon 780M,128,4096,False,1.12,14.0,3784.89
Microsoft,Surface Book 3,AMD Ryzen 5 8600H,AMD Radeon 680M,32,4096,False,1.35,14.0,2254.99
Microsoft,Surface Book 3,AMD Ryzen 5 8600H,NVIDIA RTX 3050,64,4096,True,3.21,17.3,2748.96
Microsoft,Surface Book 3,Intel i9-14900HK,NVIDIA RTX 4070,32,4096,True,1.04,14.0,3943.46
Microsoft,Surface Laptop 5,Intel i5-14500H,NVIDIA RTX 3050,64,1024,False,1.87,15.6,2261.36
Microsoft,Surface Pro 8,Intel i7-14700H,NVIDIA RTX 4070,128,256,True,1.26,13.3,4128.09
Microsoft,Surface Book 3,Intel i7-14700H,NVIDIA RTX 4060,8,512,True,1.08,13.3,2625.2
Microsoft,Surface Go 3,Intel Core Ultra 7 15500H,NVIDIA RTX 4060,32,1024,False,2.06,15.6,2466.07
Microsoft,Surface Go 3,AMD Ryzen 5 8600H,AMD Radeon 680M,128,4096,True,1.62,15.6,3309.38
Microsoft,Surface Laptop 5,AMD Ryzen 9 8900HX,AMD Radeon 780M,8,256,True,2.83,17.3,2621.3
Microsoft,Surface Book 3,Intel i5-14600H,NVIDIA RTX 4050,16,512,True,2.03,16.0,2218.42
Microsoft,Surface Pro 8,Intel i5-14500H,NVIDIA RTX 3050,8,256,False,1.37,13.3,1698.18
Microsoft,Surface Pro 8,AMD Ryzen 7 8800H,NVIDIA RTX 4070,32,256,False,1.1,14.0,3150.28
Microsoft,Surface Laptop 5,Intel i7-14700H,NVIDIA RTX 4060,64,256,True,1.06,13.3,3140.04
Microsoft,Surface Pro 8,Intel i9-14900HK,NVIDIA RTX 4080,32,256,True,1.01,13.3,3960.25
Microsoft,Surface Laptop Studio,Intel i7-14700H,NVIDIA RTX 4070,8,2048,False,1.31,14.0,2934.42
Microsoft,Surface Go 3,AMD Ryzen 7 8800H,AMD Radeon 780M,16,1024,True,1.22,13.3,2526.55
Microsoft,Surface Pro 8,Intel Core Ultra 7 15500H,NVIDIA RTX 4070,64,1024,False,3.31,17.3,3096.29
Microsoft,Surface Laptop 5,Intel Core Ultra 7 15500H,NVIDIA RTX 4070,128,2048,False,1.34,14.0,3620.19
Microsoft,Surface Laptop Studio,Intel i5-14600H,Intel Iris Xe,8,1024,False,2.0,16.0,1828.51
Microsoft,Surface Go 3,AMD Ryzen 5 8600H,NVIDIA RTX 3050,128,512,False,1.12,13.3,2829.08
Microsoft,Surface Go 3,Intel i9-14900HK,NVIDIA RTX 4070,64,2048,True,1.11,14.0,4112.39
Microsoft,Surface Go 3,AMD Ryzen 9 8900HX,AMD Radeon 780M,128,4096,True,3.0,18.4,4220.21
Microsoft,Surface Laptop 5,Intel Core Ultra 7 15500H,NVIDIA RTX 4060,16,256,False,1.14,14.0,2294.8
Microsoft,Surface Book 3,Intel i7-14800H,NVIDIA RTX 4080,16,256,True,1.59,15.6,3462.73
Microsoft,Surface Pro 8,AMD Ryzen 9 8900HX,NVIDIA RTX 4080,32,1024,True,1.02,13.3,4075.01
Microsoft,Surface Laptop 5,Intel i7-14800H,NVIDIA RTX 4080,32,1024,True,1.92,16.0,3729.82
Microsoft,Surface Laptop Studio,Intel i5-14600H,NVIDIA RTX 3050,8,512,False,1.15,14.0,1839.32
Microsoft,Surface Laptop Studio,Intel i7-14800H,NVIDIA RTX 4080,16,1024,False,3.18,18.4,3390.84
Microsoft,Surface Go 3,AMD Ryzen 9 8900HX,AMD Radeon 780M,16,4096,False,2.14,16.0,2977.68
Microsoft,Surface Laptop 5,Intel Core Ultra 7 15500H,Intel Arc A750M,16,2048,True,1.77,16.0,2023.55
Microsoft,Surface Go 3,AMD Ryzen 9 8900HX,NVIDIA RTX 4070,128,512,False,1.75,16.0,4303.56
Microsoft,Surface Pro 8,Intel i9-14900HK,NVIDIA RTX 4070,32,512,False,1.02,14.0,3359.05
Microsoft,Surface Book 3,Intel Core Ultra 9 15700H,Intel Arc A750M,32,2048,False,1.32,13.3,2013.53
Microsoft,Surface Laptop Studio,AMD Ryzen 9 8900HX,NVIDIA RTX 4070,128,256,True,1.2,14.0,4339.41
Microsoft,Surface Book 3,AMD Ryzen 5 8600H,AMD Radeon 680M,16,4096,True,2.7,18.4,2388.13
Microsoft,Surface Pro 8,AMD Ryzen 7 8800H,AMD Radeon 780M,32,1024,False,2.06,16.0,2447.31
Microsoft,Surface Pro 8,Intel Core Ultra 7 15500H,Intel Arc A750M,16,4096,False,1.73,15.6,2128.62
Microsoft,Surface Pro 8,AMD Ryzen 7 8800H,AMD Radeon 780M,16,256,True,1.04,13.3,2500.59
Microsoft,Surface Laptop 5,Intel i5-14600H,NVIDIA RTX 4050,16,256,False,3.33,18.4,2075.09
Microsoft,Surface Go 3,AMD Ryzen 7 8800H,NVIDIA RTX 4070,64,512,False,2.24,15.6,3351.23
Microsoft,Surface Book 3,AMD Ryzen 9 8900HX,AMD Radeon 780M,16,256,True,1.16,13.3,2770.74
Microsoft,Surface Go 3,Intel i7-14800H,NVIDIA RTX 4060,8,1024,False,2.2,15.6,2602.01
Microsoft,Surface Book 3,Intel i5-14500H,NVIDIA RTX 3050,64,2048,True,2.94,17.3,2474.65
Microsoft,Surface Laptop Studio,Intel i7-14700H,NVIDIA RTX 4070,64,1024,False,1.12,14.0,3547.72
Microsoft,Surface Book 3,AMD Ryzen 5 8600H,AMD Radeon 680M,8,4096,False,2.38,15.6,2078.79
Microsoft,Surface Pro 8,Intel i5-14500H,NVIDIA RTX 3050,32,4096,True,2.13,15.6,2536.77
Microsoft,Surface Go 3,Intel i7-14700H,NVIDIA RTX 4070,8,512,True,1.79,15.6,2988.84
Microsoft,Surface Book 3,AMD Ryzen 9 8900HX,NVIDIA RTX 4070,64,1024,True,1.24,14.0,3857.61
Microsoft,Surface Book 3,Intel i9-14900HK,NVIDIA RTX 4070,16,1024,False,1.09,13.3,3357.13
Microsoft,Surface Pro 8,Intel i7-14700H,NVIDIA RTX 4070,16,256,False,1.99,16.0,2803.65
Microsoft,Surface Laptop 5,Intel i7-14800H,NVIDIA RTX 4060,128,512,False,1.36,14.0,3473.49
Microsoft,Surface Book 3,AMD Ryzen 9 8900HX,NVIDIA RTX 4070,128,256,True,3.3,17.3,4369.72
Microsoft,Surface Pro 8,AMD Ryzen 5 8600H,AMD Radeon 680M,8,512,True,2.41,16.0,1881.31
Microsoft,Surface Laptop 5,AMD Ryzen 5 8600H,AMD Radeon 680M,128,512,False,2.07,16.0,2731.7
Microsoft,Surface Go 3,Intel i5-14500H,NVIDIA RTX 4050,32,256,False,1.96,16.0,2248.55
Microsoft,Surface Go 3,Intel i7-14800H,NVIDIA RTX 4070,32,512,False,1.15,13.3,3156.26
Microsoft,Surface Go 3,Intel i9-14900HK,NVIDIA RTX 4070,8,256,True,2.46,15.6,3269.92
Microsoft,Surface Book 3,AMD Ryzen 5 8600H,AMD Radeon 680M,64,4096,True,3.13,18.4,2787.78
Microsoft,Surface Laptop 5,Intel i9-14900HK,NVIDIA RTX 4080,32,512,True,2.12,16.0,3867.26
Microsoft,Surface Go 3,Intel i7-14700H,NVIDIA RTX 4060,16,1024,True,1.05,14.0,2796.59
